TITLE	URL	URL_WIKIPEDIA	URL_VIKIDIA
'Pataphysique	/wiki/%27Pataphysique	https://fr.wikipedia.org/wiki/%27Pataphysique	https://fr.vikidia.org/wiki/%27Pataphysique
(11284) Belenos	/wiki/(11284)_Belenos	https://fr.wikipedia.org/wiki/(11284)_Belenos	https://fr.vikidia.org/wiki/(11284)_Belenos
(1417) Walinskia	/wiki/(1417)_Walinskia	https://fr.wikipedia.org/wiki/(1417)_Walinskia	https://fr.vikidia.org/wiki/(1417)_Walinskia
(162000) 1990 OS	/wiki/(162000)_1990_OS	https://fr.wikipedia.org/wiki/(162000)_1990_OS	https://fr.vikidia.org/wiki/(162000)_1990_OS
(243) Ida	/wiki/(243)_Ida	https://fr.wikipedia.org/wiki/(243)_Ida	https://fr.vikidia.org/wiki/(243)_Ida
(367943) Duende	/wiki/(367943)_Duende	https://fr.wikipedia.org/wiki/(367943)_Duende	https://fr.vikidia.org/wiki/(367943)_Duende
(382395) 1990 SM	/wiki/(382395)_1990_SM	https://fr.wikipedia.org/wiki/(382395)_1990_SM	https://fr.vikidia.org/wiki/(382395)_1990_SM
(50000) Quaoar	/wiki/(50000)_Quaoar	https://fr.wikipedia.org/wiki/(50000)_Quaoar	https://fr.vikidia.org/wiki/(50000)_Quaoar
(5189) 1990 UQ	/wiki/(5189)_1990_UQ	https://fr.wikipedia.org/wiki/(5189)_1990_UQ	https://fr.vikidia.org/wiki/(5189)_1990_UQ
(5236) Yoko	/wiki/(5236)_Yoko	https://fr.wikipedia.org/wiki/(5236)_Yoko	https://fr.vikidia.org/wiki/(5236)_Yoko
(8652) Acacia	/wiki/(8652)_Acacia	https://fr.wikipedia.org/wiki/(8652)_Acacia	https://fr.vikidia.org/wiki/(8652)_Acacia
-	/wiki/-	https://fr.wikipedia.org/wiki/-	https://fr.vikidia.org/wiki/-
0 (nombre)	/wiki/0_(nombre)	https://fr.wikipedia.org/wiki/0_(nombre)	https://fr.vikidia.org/wiki/0_(nombre)
0 A.D.	/wiki/0_A.D.	https://fr.wikipedia.org/wiki/0_A.D.	https://fr.vikidia.org/wiki/0_A.D.
1, rue Sésame	/wiki/1,_rue_S%C3%A9same	https://fr.wikipedia.org/wiki/1,_rue_S%C3%A9same	https://fr.vikidia.org/wiki/1,_rue_S%C3%A9same
10-Yard Fight	/wiki/10-Yard_Fight	https://fr.wikipedia.org/wiki/10-Yard_Fight	https://fr.vikidia.org/wiki/10-Yard_Fight
1000	/wiki/1000	https://fr.wikipedia.org/wiki/1000	https://fr.vikidia.org/wiki/1000
100 (nombre)	/wiki/100_(nombre)	https://fr.wikipedia.org/wiki/100_(nombre)	https://fr.vikidia.org/wiki/100_(nombre)
1066	/wiki/1066	https://fr.wikipedia.org/wiki/1066	https://fr.vikidia.org/wiki/1066
10 (nombre)	/wiki/10_(nombre)	https://fr.wikipedia.org/wiki/10_(nombre)	https://fr.vikidia.org/wiki/10_(nombre)
10 Downing Street	/wiki/10_Downing_Street	https://fr.wikipedia.org/wiki/10_Downing_Street	https://fr.vikidia.org/wiki/10_Downing_Street
11 (nombre)	/wiki/11_(nombre)	https://fr.wikipedia.org/wiki/11_(nombre)	https://fr.vikidia.org/wiki/11_(nombre)
11 novembre	/wiki/11_novembre	https://fr.wikipedia.org/wiki/11_novembre	https://fr.vikidia.org/wiki/11_novembre
12 Square Grimmaud	/wiki/12_Square_Grimmaud	https://fr.wikipedia.org/wiki/12_Square_Grimmaud	https://fr.vikidia.org/wiki/12_Square_Grimmaud
13 (nombre)	/wiki/13_(nombre)	https://fr.wikipedia.org/wiki/13_(nombre)	https://fr.vikidia.org/wiki/13_(nombre)
13 Block	/wiki/13_Block	https://fr.wikipedia.org/wiki/13_Block	https://fr.vikidia.org/wiki/13_Block
13 French Street	/wiki/13_French_Street	https://fr.wikipedia.org/wiki/13_French_Street	https://fr.vikidia.org/wiki/13_French_Street
14-18 Folie meurtrière	/wiki/14-18_Folie_meurtri%C3%A8re	https://fr.wikipedia.org/wiki/14-18_Folie_meurtri%C3%A8re	https://fr.vikidia.org/wiki/14-18_Folie_meurtri%C3%A8re
141 R	/wiki/141_R	https://fr.wikipedia.org/wiki/141_R	https://fr.vikidia.org/wiki/141_R
14ème district de New York	/wiki/14%C3%A8me_district_de_New_York	https://fr.wikipedia.org/wiki/14%C3%A8me_district_de_New_York	https://fr.vikidia.org/wiki/14%C3%A8me_district_de_New_York
16 Cygni	/wiki/16_Cygni	https://fr.wikipedia.org/wiki/16_Cygni	https://fr.vikidia.org/wiki/16_Cygni
16 Cygni Bb	/wiki/16_Cygni_Bb	https://fr.wikipedia.org/wiki/16_Cygni_Bb	https://fr.vikidia.org/wiki/16_Cygni_Bb
1789	/wiki/1789	https://fr.wikipedia.org/wiki/1789	https://fr.vikidia.org/wiki/1789
1794	/wiki/1794	https://fr.wikipedia.org/wiki/1794	https://fr.vikidia.org/wiki/1794
1815 : Les rois d’Europe rétablissent leur pouvoir	/wiki/1815_:_Les_rois_d%E2%80%99Europe_r%C3%A9tablissent_leur_pouvoir	https://fr.wikipedia.org/wiki/1815_:_Les_rois_d%E2%80%99Europe_r%C3%A9tablissent_leur_pouvoir	https://fr.vikidia.org/wiki/1815_:_Les_rois_d%E2%80%99Europe_r%C3%A9tablissent_leur_pouvoir
1851	/wiki/1851	https://fr.wikipedia.org/wiki/1851	https://fr.vikidia.org/wiki/1851
1857	/wiki/1857	https://fr.wikipedia.org/wiki/1857	https://fr.vikidia.org/wiki/1857
1984	/wiki/1984	https://fr.wikipedia.org/wiki/1984	https://fr.vikidia.org/wiki/1984
1984 (roman)	/wiki/1984_(roman)	https://fr.wikipedia.org/wiki/1984_(roman)	https://fr.vikidia.org/wiki/1984_(roman)
1 (homonymie)	/wiki/1_(homonymie)	https://fr.wikipedia.org/wiki/1_(homonymie)	https://fr.vikidia.org/wiki/1_(homonymie)
1 (nombre)	/wiki/1_(nombre)	https://fr.wikipedia.org/wiki/1_(nombre)	https://fr.vikidia.org/wiki/1_(nombre)
1 000 (nombre)	/wiki/1_000_(nombre)	https://fr.wikipedia.org/wiki/1_000_(nombre)	https://fr.vikidia.org/wiki/1_000_(nombre)
1 jour 1 question	/wiki/1_jour_1_question	https://fr.wikipedia.org/wiki/1_jour_1_question	https://fr.vikidia.org/wiki/1_jour_1_question
1jour1actu	/wiki/1jour1actu	https://fr.wikipedia.org/wiki/1jour1actu	https://fr.vikidia.org/wiki/1jour1actu
2000	/wiki/2000	https://fr.wikipedia.org/wiki/2000	https://fr.vikidia.org/wiki/2000
2001	/wiki/2001	https://fr.wikipedia.org/wiki/2001	https://fr.vikidia.org/wiki/2001
2001 : L'Odyssée de l'espace	/wiki/2001_:_L%27Odyss%C3%A9e_de_l%27espace	https://fr.wikipedia.org/wiki/2001_:_L%27Odyss%C3%A9e_de_l%27espace	https://fr.vikidia.org/wiki/2001_:_L%27Odyss%C3%A9e_de_l%27espace
2002	/wiki/2002	https://fr.wikipedia.org/wiki/2002	https://fr.vikidia.org/wiki/2002
2003	/wiki/2003	https://fr.wikipedia.org/wiki/2003	https://fr.vikidia.org/wiki/2003
2004	/wiki/2004	https://fr.wikipedia.org/wiki/2004	https://fr.vikidia.org/wiki/2004
2005	/wiki/2005	https://fr.wikipedia.org/wiki/2005	https://fr.vikidia.org/wiki/2005
2006	/wiki/2006	https://fr.wikipedia.org/wiki/2006	https://fr.vikidia.org/wiki/2006
2007	/wiki/2007	https://fr.wikipedia.org/wiki/2007	https://fr.vikidia.org/wiki/2007
2007 OR10	/wiki/2007_OR10	https://fr.wikipedia.org/wiki/2007_OR10	https://fr.vikidia.org/wiki/2007_OR10
2008	/wiki/2008	https://fr.wikipedia.org/wiki/2008	https://fr.vikidia.org/wiki/2008
2009	/wiki/2009	https://fr.wikipedia.org/wiki/2009	https://fr.vikidia.org/wiki/2009
2010	/wiki/2010	https://fr.wikipedia.org/wiki/2010	https://fr.vikidia.org/wiki/2010
2011	/wiki/2011	https://fr.wikipedia.org/wiki/2011	https://fr.vikidia.org/wiki/2011
2012	/wiki/2012	https://fr.wikipedia.org/wiki/2012	https://fr.vikidia.org/wiki/2012
2013	/wiki/2013	https://fr.wikipedia.org/wiki/2013	https://fr.vikidia.org/wiki/2013
2014	/wiki/2014	https://fr.wikipedia.org/wiki/2014	https://fr.vikidia.org/wiki/2014
2015	/wiki/2015	https://fr.wikipedia.org/wiki/2015	https://fr.vikidia.org/wiki/2015
2016	/wiki/2016	https://fr.wikipedia.org/wiki/2016	https://fr.vikidia.org/wiki/2016
2017	/wiki/2017	https://fr.wikipedia.org/wiki/2017	https://fr.vikidia.org/wiki/2017
2018	/wiki/2018	https://fr.wikipedia.org/wiki/2018	https://fr.vikidia.org/wiki/2018
2019	/wiki/2019	https://fr.wikipedia.org/wiki/2019	https://fr.vikidia.org/wiki/2019
2020	/wiki/2020	https://fr.wikipedia.org/wiki/2020	https://fr.vikidia.org/wiki/2020
2021	/wiki/2021	https://fr.wikipedia.org/wiki/2021	https://fr.vikidia.org/wiki/2021
2022	/wiki/2022	https://fr.wikipedia.org/wiki/2022	https://fr.vikidia.org/wiki/2022
2023	/wiki/2023	https://fr.wikipedia.org/wiki/2023	https://fr.vikidia.org/wiki/2023
2024	/wiki/2024	https://fr.wikipedia.org/wiki/2024	https://fr.vikidia.org/wiki/2024
2028	/wiki/2028	https://fr.wikipedia.org/wiki/2028	https://fr.vikidia.org/wiki/2028
21 Jump Street	/wiki/21_Jump_Street	https://fr.wikipedia.org/wiki/21_Jump_Street	https://fr.vikidia.org/wiki/21_Jump_Street
24 Heures du Mans	/wiki/24_Heures_du_Mans	https://fr.wikipedia.org/wiki/24_Heures_du_Mans	https://fr.vikidia.org/wiki/24_Heures_du_Mans
2D	/wiki/2D	https://fr.wikipedia.org/wiki/2D	https://fr.vikidia.org/wiki/2D
2NE1	/wiki/2NE1	https://fr.wikipedia.org/wiki/2NE1	https://fr.vikidia.org/wiki/2NE1
2 (nombre)	/wiki/2_(nombre)	https://fr.wikipedia.org/wiki/2_(nombre)	https://fr.vikidia.org/wiki/2_(nombre)
2 Fast 2 Furious	/wiki/2_Fast_2_Furious	https://fr.wikipedia.org/wiki/2_Fast_2_Furious	https://fr.vikidia.org/wiki/2_Fast_2_Furious
300 (film)	/wiki/300_(film)	https://fr.wikipedia.org/wiki/300_(film)	https://fr.vikidia.org/wiki/300_(film)
30 millions d'amis	/wiki/30_millions_d%27amis	https://fr.wikipedia.org/wiki/30_millions_d%27amis	https://fr.vikidia.org/wiki/30_millions_d%27amis
343 Industries	/wiki/343_Industries	https://fr.wikipedia.org/wiki/343_Industries	https://fr.vikidia.org/wiki/343_Industries
365	/wiki/365	https://fr.wikipedia.org/wiki/365	https://fr.vikidia.org/wiki/365
3D	/wiki/3D	https://fr.wikipedia.org/wiki/3D	https://fr.vikidia.org/wiki/3D
3G	/wiki/3G	https://fr.wikipedia.org/wiki/3G	https://fr.vikidia.org/wiki/3G
3 (nombre)	/wiki/3_(nombre)	https://fr.wikipedia.org/wiki/3_(nombre)	https://fr.vikidia.org/wiki/3_(nombre)
42 (écoles)	/wiki/42_(%C3%A9coles)	https://fr.wikipedia.org/wiki/42_(%C3%A9coles)	https://fr.vikidia.org/wiki/42_(%C3%A9coles)
42 Jeux indémodables	/wiki/42_Jeux_ind%C3%A9modables	https://fr.wikipedia.org/wiki/42_Jeux_ind%C3%A9modables	https://fr.vikidia.org/wiki/42_Jeux_ind%C3%A9modables
47 Tucanae	/wiki/47_Tucanae	https://fr.wikipedia.org/wiki/47_Tucanae	https://fr.vikidia.org/wiki/47_Tucanae
47ter	/wiki/47ter	https://fr.wikipedia.org/wiki/47ter	https://fr.vikidia.org/wiki/47ter
4G	/wiki/4G	https://fr.wikipedia.org/wiki/4G	https://fr.vikidia.org/wiki/4G
4J Studios	/wiki/4J_Studios	https://fr.wikipedia.org/wiki/4J_Studios	https://fr.vikidia.org/wiki/4J_Studios
4K	/wiki/4K	https://fr.wikipedia.org/wiki/4K	https://fr.vikidia.org/wiki/4K
4L Trophy	/wiki/4L_Trophy	https://fr.wikipedia.org/wiki/4L_Trophy	https://fr.vikidia.org/wiki/4L_Trophy
4 (nombre)	/wiki/4_(nombre)	https://fr.wikipedia.org/wiki/4_(nombre)	https://fr.vikidia.org/wiki/4_(nombre)
4 Privet Drive	/wiki/4_Privet_Drive	https://fr.wikipedia.org/wiki/4_Privet_Drive	https://fr.vikidia.org/wiki/4_Privet_Drive
4 images 1 mot	/wiki/4_images_1_mot	https://fr.wikipedia.org/wiki/4_images_1_mot	https://fr.vikidia.org/wiki/4_images_1_mot
4 mariages pour 1 lune de miel	/wiki/4_mariages_pour_1_lune_de_miel	https://fr.wikipedia.org/wiki/4_mariages_pour_1_lune_de_miel	https://fr.vikidia.org/wiki/4_mariages_pour_1_lune_de_miel
4chan	/wiki/4chan	https://fr.wikipedia.org/wiki/4chan	https://fr.vikidia.org/wiki/4chan
4keus	/wiki/4keus	https://fr.wikipedia.org/wiki/4keus	https://fr.vikidia.org/wiki/4keus
50 Cent	/wiki/50_Cent	https://fr.wikipedia.org/wiki/50_Cent	https://fr.vikidia.org/wiki/50_Cent
51 Pegasi	/wiki/51_Pegasi	https://fr.wikipedia.org/wiki/51_Pegasi	https://fr.vikidia.org/wiki/51_Pegasi
58 minutes pour vivre	/wiki/58_minutes_pour_vivre	https://fr.wikipedia.org/wiki/58_minutes_pour_vivre	https://fr.vikidia.org/wiki/58_minutes_pour_vivre
5G	/wiki/5G	https://fr.wikipedia.org/wiki/5G	https://fr.vikidia.org/wiki/5G
5 (nombre)	/wiki/5_(nombre)	https://fr.wikipedia.org/wiki/5_(nombre)	https://fr.vikidia.org/wiki/5_(nombre)
5ème symphonie de Beethoven	/wiki/5%C3%A8me_symphonie_de_Beethoven	https://fr.wikipedia.org/wiki/5%C3%A8me_symphonie_de_Beethoven	https://fr.vikidia.org/wiki/5%C3%A8me_symphonie_de_Beethoven
60 pieds IMOCA	/wiki/60_pieds_IMOCA	https://fr.wikipedia.org/wiki/60_pieds_IMOCA	https://fr.vikidia.org/wiki/60_pieds_IMOCA
666	/wiki/666	https://fr.wikipedia.org/wiki/666	https://fr.vikidia.org/wiki/666
6 (nombre)	/wiki/6_(nombre)	https://fr.wikipedia.org/wiki/6_(nombre)	https://fr.vikidia.org/wiki/6_(nombre)
6teen	/wiki/6teen	https://fr.wikipedia.org/wiki/6teen	https://fr.vikidia.org/wiki/6teen
6ter	/wiki/6ter	https://fr.wikipedia.org/wiki/6ter	https://fr.vikidia.org/wiki/6ter
70 Virginis	/wiki/70_Virginis	https://fr.wikipedia.org/wiki/70_Virginis	https://fr.vikidia.org/wiki/70_Virginis
70 Virginis b	/wiki/70_Virginis_b	https://fr.wikipedia.org/wiki/70_Virginis_b	https://fr.vikidia.org/wiki/70_Virginis_b
767	/wiki/767	https://fr.wikipedia.org/wiki/767	https://fr.vikidia.org/wiki/767
768	/wiki/768	https://fr.wikipedia.org/wiki/768	https://fr.vikidia.org/wiki/768
770	/wiki/770	https://fr.wikipedia.org/wiki/770	https://fr.vikidia.org/wiki/770
7 (nombre)	/wiki/7_(nombre)	https://fr.wikipedia.org/wiki/7_(nombre)	https://fr.vikidia.org/wiki/7_(nombre)
7 Wonders	/wiki/7_Wonders	https://fr.wikipedia.org/wiki/7_Wonders	https://fr.vikidia.org/wiki/7_Wonders
840	/wiki/840	https://fr.wikipedia.org/wiki/840	https://fr.vikidia.org/wiki/840
8K	/wiki/8K	https://fr.wikipedia.org/wiki/8K	https://fr.vikidia.org/wiki/8K
8 (nombre)	/wiki/8_(nombre)	https://fr.wikipedia.org/wiki/8_(nombre)	https://fr.vikidia.org/wiki/8_(nombre)
8chan	/wiki/8chan	https://fr.wikipedia.org/wiki/8chan	https://fr.vikidia.org/wiki/8chan
9 (nombre)	/wiki/9_(nombre)	https://fr.wikipedia.org/wiki/9_(nombre)	https://fr.vikidia.org/wiki/9_(nombre)
A	/wiki/A	https://fr.wikipedia.org/wiki/A	https://fr.vikidia.org/wiki/A
A.N.G.E.	/wiki/A.N.G.E.	https://fr.wikipedia.org/wiki/A.N.G.E.	https://fr.vikidia.org/wiki/A.N.G.E.
A19	/wiki/A19	https://fr.wikipedia.org/wiki/A19	https://fr.vikidia.org/wiki/A19
A2	/wiki/A2	https://fr.wikipedia.org/wiki/A2	https://fr.vikidia.org/wiki/A2
A4	/wiki/A4	https://fr.wikipedia.org/wiki/A4	https://fr.vikidia.org/wiki/A4
A7	/wiki/A7	https://fr.wikipedia.org/wiki/A7	https://fr.vikidia.org/wiki/A7
ABBA	/wiki/ABBA	https://fr.wikipedia.org/wiki/ABBA	https://fr.vikidia.org/wiki/ABBA
AC/DC	/wiki/AC/DC	https://fr.wikipedia.org/wiki/AC/DC	https://fr.vikidia.org/wiki/AC/DC
AK-47	/wiki/AK-47	https://fr.wikipedia.org/wiki/AK-47	https://fr.vikidia.org/wiki/AK-47
ARK Survival Evolved	/wiki/ARK_Survival_Evolved	https://fr.wikipedia.org/wiki/ARK_Survival_Evolved	https://fr.vikidia.org/wiki/ARK_Survival_Evolved
ARN messager	/wiki/ARN_messager	https://fr.wikipedia.org/wiki/ARN_messager	https://fr.vikidia.org/wiki/ARN_messager
ASF	/wiki/ASF	https://fr.wikipedia.org/wiki/ASF	https://fr.vikidia.org/wiki/ASF
ASVEL Lyon-Villeurbanne	/wiki/ASVEL_Lyon-Villeurbanne	https://fr.wikipedia.org/wiki/ASVEL_Lyon-Villeurbanne	https://fr.vikidia.org/wiki/ASVEL_Lyon-Villeurbanne
ATP World Tour Finals	/wiki/ATP_World_Tour_Finals	https://fr.wikipedia.org/wiki/ATP_World_Tour_Finals	https://fr.vikidia.org/wiki/ATP_World_Tour_Finals
AVG	/wiki/AVG	https://fr.wikipedia.org/wiki/AVG	https://fr.vikidia.org/wiki/AVG
AZERTY	/wiki/AZERTY	https://fr.wikipedia.org/wiki/AZERTY	https://fr.vikidia.org/wiki/AZERTY
A Day at the Races	/wiki/A_Day_at_the_Races	https://fr.wikipedia.org/wiki/A_Day_at_the_Races	https://fr.vikidia.org/wiki/A_Day_at_the_Races
A Hat in Time	/wiki/A_Hat_in_Time	https://fr.wikipedia.org/wiki/A_Hat_in_Time	https://fr.vikidia.org/wiki/A_Hat_in_Time
A Portuguesa	/wiki/A_Portuguesa	https://fr.wikipedia.org/wiki/A_Portuguesa	https://fr.vikidia.org/wiki/A_Portuguesa
A cappella	/wiki/A_cappella	https://fr.wikipedia.org/wiki/A_cappella	https://fr.vikidia.org/wiki/A_cappella
A comme Association	/wiki/A_comme_Association	https://fr.wikipedia.org/wiki/A_comme_Association	https://fr.vikidia.org/wiki/A_comme_Association
A toi l'actu@ !	/wiki/A_toi_l%27actu@_!	https://fr.wikipedia.org/wiki/A_toi_l%27actu@_!	https://fr.vikidia.org/wiki/A_toi_l%27actu@_!
Aalborg	/wiki/Aalborg	https://fr.wikipedia.org/wiki/Aalborg	https://fr.vikidia.org/wiki/Aalborg
Aar	/wiki/Aar	https://fr.wikipedia.org/wiki/Aar	https://fr.vikidia.org/wiki/Aar
Aardonyx	/wiki/Aardonyx	https://fr.wikipedia.org/wiki/Aardonyx	https://fr.vikidia.org/wiki/Aardonyx
Aaron	/wiki/Aaron	https://fr.wikipedia.org/wiki/Aaron	https://fr.vikidia.org/wiki/Aaron
Aast	/wiki/Aast	https://fr.wikipedia.org/wiki/Aast	https://fr.vikidia.org/wiki/Aast
Abakan	/wiki/Abakan	https://fr.wikipedia.org/wiki/Abakan	https://fr.vikidia.org/wiki/Abakan
Abalone	/wiki/Abalone	https://fr.wikipedia.org/wiki/Abalone	https://fr.vikidia.org/wiki/Abalone
Abamectine	/wiki/Abamectine	https://fr.wikipedia.org/wiki/Abamectine	https://fr.vikidia.org/wiki/Abamectine
Abarbarée	/wiki/Abarbar%C3%A9e	https://fr.wikipedia.org/wiki/Abarbar%C3%A9e	https://fr.vikidia.org/wiki/Abarbar%C3%A9e
Abarth	/wiki/Abarth	https://fr.wikipedia.org/wiki/Abarth	https://fr.vikidia.org/wiki/Abarth
Abats (alimentation)	/wiki/Abats_(alimentation)	https://fr.wikipedia.org/wiki/Abats_(alimentation)	https://fr.vikidia.org/wiki/Abats_(alimentation)
Abattoir	/wiki/Abattoir	https://fr.wikipedia.org/wiki/Abattoir	https://fr.vikidia.org/wiki/Abattoir
Abaza	/wiki/Abaza	https://fr.wikipedia.org/wiki/Abaza	https://fr.vikidia.org/wiki/Abaza
Abbas ibn Ali	/wiki/Abbas_ibn_Ali	https://fr.wikipedia.org/wiki/Abbas_ibn_Ali	https://fr.vikidia.org/wiki/Abbas_ibn_Ali
Abbas ibn Firnas	/wiki/Abbas_ibn_Firnas	https://fr.wikipedia.org/wiki/Abbas_ibn_Firnas	https://fr.vikidia.org/wiki/Abbas_ibn_Firnas
Abbassides	/wiki/Abbassides	https://fr.wikipedia.org/wiki/Abbassides	https://fr.vikidia.org/wiki/Abbassides
Abbaye	/wiki/Abbaye	https://fr.wikipedia.org/wiki/Abbaye	https://fr.vikidia.org/wiki/Abbaye
Abbaye Saint-Georges de Boscherville	/wiki/Abbaye_Saint-Georges_de_Boscherville	https://fr.wikipedia.org/wiki/Abbaye_Saint-Georges_de_Boscherville	https://fr.vikidia.org/wiki/Abbaye_Saint-Georges_de_Boscherville
Abbaye Sainte-Foy de Conques	/wiki/Abbaye_Sainte-Foy_de_Conques	https://fr.wikipedia.org/wiki/Abbaye_Sainte-Foy_de_Conques	https://fr.vikidia.org/wiki/Abbaye_Sainte-Foy_de_Conques
Abbaye Sainte-Geneviève	/wiki/Abbaye_Sainte-Genevi%C3%A8ve	https://fr.wikipedia.org/wiki/Abbaye_Sainte-Genevi%C3%A8ve	https://fr.vikidia.org/wiki/Abbaye_Sainte-Genevi%C3%A8ve
Abbaye d'Orval	/wiki/Abbaye_d%27Orval	https://fr.wikipedia.org/wiki/Abbaye_d%27Orval	https://fr.vikidia.org/wiki/Abbaye_d%27Orval
Abbaye de Clairvaux	/wiki/Abbaye_de_Clairvaux	https://fr.wikipedia.org/wiki/Abbaye_de_Clairvaux	https://fr.vikidia.org/wiki/Abbaye_de_Clairvaux
Abbaye de Cluny	/wiki/Abbaye_de_Cluny	https://fr.wikipedia.org/wiki/Abbaye_de_Cluny	https://fr.vikidia.org/wiki/Abbaye_de_Cluny
Abbaye de Cîteaux	/wiki/Abbaye_de_C%C3%AEteaux	https://fr.wikipedia.org/wiki/Abbaye_de_C%C3%AEteaux	https://fr.vikidia.org/wiki/Abbaye_de_C%C3%AEteaux
Abbaye de Fontenay	/wiki/Abbaye_de_Fontenay	https://fr.wikipedia.org/wiki/Abbaye_de_Fontenay	https://fr.vikidia.org/wiki/Abbaye_de_Fontenay
Abbaye de Fontevraud	/wiki/Abbaye_de_Fontevraud	https://fr.wikipedia.org/wiki/Abbaye_de_Fontevraud	https://fr.vikidia.org/wiki/Abbaye_de_Fontevraud
Abbaye de Fontfroide	/wiki/Abbaye_de_Fontfroide	https://fr.wikipedia.org/wiki/Abbaye_de_Fontfroide	https://fr.vikidia.org/wiki/Abbaye_de_Fontfroide
Abbaye de Hambye	/wiki/Abbaye_de_Hambye	https://fr.wikipedia.org/wiki/Abbaye_de_Hambye	https://fr.vikidia.org/wiki/Abbaye_de_Hambye
Abbaye de Jumièges	/wiki/Abbaye_de_Jumi%C3%A8ges	https://fr.wikipedia.org/wiki/Abbaye_de_Jumi%C3%A8ges	https://fr.vikidia.org/wiki/Abbaye_de_Jumi%C3%A8ges
Abbaye de Montserrat	/wiki/Abbaye_de_Montserrat	https://fr.wikipedia.org/wiki/Abbaye_de_Montserrat	https://fr.vikidia.org/wiki/Abbaye_de_Montserrat
Abbaye de Royaumont	/wiki/Abbaye_de_Royaumont	https://fr.wikipedia.org/wiki/Abbaye_de_Royaumont	https://fr.vikidia.org/wiki/Abbaye_de_Royaumont
Abbaye de Saint-Germain-des-Prés	/wiki/Abbaye_de_Saint-Germain-des-Pr%C3%A9s	https://fr.wikipedia.org/wiki/Abbaye_de_Saint-Germain-des-Pr%C3%A9s	https://fr.vikidia.org/wiki/Abbaye_de_Saint-Germain-des-Pr%C3%A9s
Abbaye de Saint-Guilhem-le-Désert	/wiki/Abbaye_de_Saint-Guilhem-le-D%C3%A9sert	https://fr.wikipedia.org/wiki/Abbaye_de_Saint-Guilhem-le-D%C3%A9sert	https://fr.vikidia.org/wiki/Abbaye_de_Saint-Guilhem-le-D%C3%A9sert
Abbaye de Sénanque	/wiki/Abbaye_de_S%C3%A9nanque	https://fr.wikipedia.org/wiki/Abbaye_de_S%C3%A9nanque	https://fr.vikidia.org/wiki/Abbaye_de_S%C3%A9nanque
Abbaye de Westminster	/wiki/Abbaye_de_Westminster	https://fr.wikipedia.org/wiki/Abbaye_de_Westminster	https://fr.vikidia.org/wiki/Abbaye_de_Westminster
Abbaye du Mont-Saint-Michel	/wiki/Abbaye_du_Mont-Saint-Michel	https://fr.wikipedia.org/wiki/Abbaye_du_Mont-Saint-Michel	https://fr.vikidia.org/wiki/Abbaye_du_Mont-Saint-Michel
Abbaye du Thoronet	/wiki/Abbaye_du_Thoronet	https://fr.wikipedia.org/wiki/Abbaye_du_Thoronet	https://fr.vikidia.org/wiki/Abbaye_du_Thoronet
Abbesse	/wiki/Abbesse	https://fr.wikipedia.org/wiki/Abbesse	https://fr.vikidia.org/wiki/Abbesse
Abbeville	/wiki/Abbeville	https://fr.wikipedia.org/wiki/Abbeville	https://fr.vikidia.org/wiki/Abbeville
Abbeville (Louisiane)	/wiki/Abbeville_(Louisiane)	https://fr.wikipedia.org/wiki/Abbeville_(Louisiane)	https://fr.vikidia.org/wiki/Abbeville_(Louisiane)
Abby Bergman	/wiki/Abby_Bergman	https://fr.wikipedia.org/wiki/Abby_Bergman	https://fr.vikidia.org/wiki/Abby_Bergman
Abbé	/wiki/Abb%C3%A9	https://fr.wikipedia.org/wiki/Abb%C3%A9	https://fr.vikidia.org/wiki/Abb%C3%A9
Abbé Pierre	/wiki/Abb%C3%A9_Pierre	https://fr.wikipedia.org/wiki/Abb%C3%A9_Pierre	https://fr.vikidia.org/wiki/Abb%C3%A9_Pierre
Abbé de l'Épée	/wiki/Abb%C3%A9_de_l%27%C3%89p%C3%A9e	https://fr.wikipedia.org/wiki/Abb%C3%A9_de_l%27%C3%89p%C3%A9e	https://fr.vikidia.org/wiki/Abb%C3%A9_de_l%27%C3%89p%C3%A9e
Abcès	/wiki/Abc%C3%A8s	https://fr.wikipedia.org/wiki/Abc%C3%A8s	https://fr.vikidia.org/wiki/Abc%C3%A8s
Abd el-Krim	/wiki/Abd_el-Krim	https://fr.wikipedia.org/wiki/Abd_el-Krim	https://fr.vikidia.org/wiki/Abd_el-Krim
Abdallah II de Jordanie	/wiki/Abdallah_II_de_Jordanie	https://fr.wikipedia.org/wiki/Abdallah_II_de_Jordanie	https://fr.vikidia.org/wiki/Abdallah_II_de_Jordanie
Abdelaziz Bouteflika	/wiki/Abdelaziz_Bouteflika	https://fr.wikipedia.org/wiki/Abdelaziz_Bouteflika	https://fr.vikidia.org/wiki/Abdelaziz_Bouteflika
Abdelkader ibn Muhieddine	/wiki/Abdelkader_ibn_Muhieddine	https://fr.wikipedia.org/wiki/Abdelkader_ibn_Muhieddine	https://fr.vikidia.org/wiki/Abdelkader_ibn_Muhieddine
Abdias (livre biblique)	/wiki/Abdias_(livre_biblique)	https://fr.wikipedia.org/wiki/Abdias_(livre_biblique)	https://fr.vikidia.org/wiki/Abdias_(livre_biblique)
Abdication	/wiki/Abdication	https://fr.wikipedia.org/wiki/Abdication	https://fr.vikidia.org/wiki/Abdication
Abdomen	/wiki/Abdomen	https://fr.wikipedia.org/wiki/Abdomen	https://fr.vikidia.org/wiki/Abdomen
Abdoulino	/wiki/Abdoulino	https://fr.wikipedia.org/wiki/Abdoulino	https://fr.vikidia.org/wiki/Abdoulino
Abduction	/wiki/Abduction	https://fr.wikipedia.org/wiki/Abduction	https://fr.vikidia.org/wiki/Abduction
Abdullah Azzam	/wiki/Abdullah_Azzam	https://fr.wikipedia.org/wiki/Abdullah_Azzam	https://fr.vikidia.org/wiki/Abdullah_Azzam
Abdéra	/wiki/Abd%C3%A9ra	https://fr.wikipedia.org/wiki/Abd%C3%A9ra	https://fr.vikidia.org/wiki/Abd%C3%A9ra
Abeille (homonymie)	/wiki/Abeille_(homonymie)	https://fr.wikipedia.org/wiki/Abeille_(homonymie)	https://fr.vikidia.org/wiki/Abeille_(homonymie)
Abeille découpeuse	/wiki/Abeille_d%C3%A9coupeuse	https://fr.wikipedia.org/wiki/Abeille_d%C3%A9coupeuse	https://fr.vikidia.org/wiki/Abeille_d%C3%A9coupeuse
Abeille découpeuse de la luzerne	/wiki/Abeille_d%C3%A9coupeuse_de_la_luzerne	https://fr.wikipedia.org/wiki/Abeille_d%C3%A9coupeuse_de_la_luzerne	https://fr.vikidia.org/wiki/Abeille_d%C3%A9coupeuse_de_la_luzerne
Abeille européenne	/wiki/Abeille_europ%C3%A9enne	https://fr.wikipedia.org/wiki/Abeille_europ%C3%A9enne	https://fr.vikidia.org/wiki/Abeille_europ%C3%A9enne
Abeille tueuse	/wiki/Abeille_tueuse	https://fr.wikipedia.org/wiki/Abeille_tueuse	https://fr.vikidia.org/wiki/Abeille_tueuse
Abeille à miel	/wiki/Abeille_%C3%A0_miel	https://fr.wikipedia.org/wiki/Abeille_%C3%A0_miel	https://fr.vikidia.org/wiki/Abeille_%C3%A0_miel
Abel	/wiki/Abel	https://fr.wikipedia.org/wiki/Abel	https://fr.vikidia.org/wiki/Abel
Abel Tasman	/wiki/Abel_Tasman	https://fr.wikipedia.org/wiki/Abel_Tasman	https://fr.vikidia.org/wiki/Abel_Tasman
Aber	/wiki/Aber	https://fr.wikipedia.org/wiki/Aber	https://fr.vikidia.org/wiki/Aber
Abercrombie & Fitch	/wiki/Abercrombie_%26_Fitch	https://fr.wikipedia.org/wiki/Abercrombie_%26_Fitch	https://fr.vikidia.org/wiki/Abercrombie_%26_Fitch
Aberdeen	/wiki/Aberdeen	https://fr.wikipedia.org/wiki/Aberdeen	https://fr.vikidia.org/wiki/Aberdeen
Aberystwyth	/wiki/Aberystwyth	https://fr.wikipedia.org/wiki/Aberystwyth	https://fr.vikidia.org/wiki/Aberystwyth
AbiWord	/wiki/AbiWord	https://fr.wikipedia.org/wiki/AbiWord	https://fr.vikidia.org/wiki/AbiWord
Abidjan	/wiki/Abidjan	https://fr.wikipedia.org/wiki/Abidjan	https://fr.vikidia.org/wiki/Abidjan
Abinsk	/wiki/Abinsk	https://fr.wikipedia.org/wiki/Abinsk	https://fr.vikidia.org/wiki/Abinsk
Abjuration du clergé de Paris	/wiki/Abjuration_du_clerg%C3%A9_de_Paris	https://fr.wikipedia.org/wiki/Abjuration_du_clerg%C3%A9_de_Paris	https://fr.vikidia.org/wiki/Abjuration_du_clerg%C3%A9_de_Paris
Abkhazie	/wiki/Abkhazie	https://fr.wikipedia.org/wiki/Abkhazie	https://fr.vikidia.org/wiki/Abkhazie
Ablette	/wiki/Ablette	https://fr.wikipedia.org/wiki/Ablette	https://fr.vikidia.org/wiki/Ablette
Ablis	/wiki/Ablis	https://fr.wikipedia.org/wiki/Ablis	https://fr.vikidia.org/wiki/Ablis
Ablutions rituelles dans l'islam	/wiki/Ablutions_rituelles_dans_l%27islam	https://fr.wikipedia.org/wiki/Ablutions_rituelles_dans_l%27islam	https://fr.vikidia.org/wiki/Ablutions_rituelles_dans_l%27islam
Abnar	/wiki/Abnar	https://fr.wikipedia.org/wiki/Abnar	https://fr.vikidia.org/wiki/Abnar
Abner Jonas	/wiki/Abner_Jonas	https://fr.wikipedia.org/wiki/Abner_Jonas	https://fr.vikidia.org/wiki/Abner_Jonas
Abnégation	/wiki/Abn%C3%A9gation	https://fr.wikipedia.org/wiki/Abn%C3%A9gation	https://fr.vikidia.org/wiki/Abn%C3%A9gation
Abo	/wiki/Abo	https://fr.wikipedia.org/wiki/Abo	https://fr.vikidia.org/wiki/Abo
Aboiement	/wiki/Aboiement	https://fr.wikipedia.org/wiki/Aboiement	https://fr.vikidia.org/wiki/Aboiement
Abolition des privilèges	/wiki/Abolition_des_privil%C3%A8ges	https://fr.wikipedia.org/wiki/Abolition_des_privil%C3%A8ges	https://fr.vikidia.org/wiki/Abolition_des_privil%C3%A8ges
Abomey	/wiki/Abomey	https://fr.wikipedia.org/wiki/Abomey	https://fr.vikidia.org/wiki/Abomey
Abondance	/wiki/Abondance	https://fr.wikipedia.org/wiki/Abondance	https://fr.vikidia.org/wiki/Abondance
Abondance (fromage)	/wiki/Abondance_(fromage)	https://fr.wikipedia.org/wiki/Abondance_(fromage)	https://fr.vikidia.org/wiki/Abondance_(fromage)
Abondance (mythologie romaine)	/wiki/Abondance_(mythologie_romaine)	https://fr.wikipedia.org/wiki/Abondance_(mythologie_romaine)	https://fr.vikidia.org/wiki/Abondance_(mythologie_romaine)
Abondance (race bovine)	/wiki/Abondance_(race_bovine)	https://fr.wikipedia.org/wiki/Abondance_(race_bovine)	https://fr.vikidia.org/wiki/Abondance_(race_bovine)
Abonnement	/wiki/Abonnement	https://fr.wikipedia.org/wiki/Abonnement	https://fr.vikidia.org/wiki/Abonnement
Abordage	/wiki/Abordage	https://fr.wikipedia.org/wiki/Abordage	https://fr.vikidia.org/wiki/Abordage
Aborigène	/wiki/Aborig%C3%A8ne	https://fr.wikipedia.org/wiki/Aborig%C3%A8ne	https://fr.vikidia.org/wiki/Aborig%C3%A8ne
Aborigènes (Latium)	/wiki/Aborig%C3%A8nes_(Latium)	https://fr.wikipedia.org/wiki/Aborig%C3%A8nes_(Latium)	https://fr.vikidia.org/wiki/Aborig%C3%A8nes_(Latium)
Aborigènes d'Australie	/wiki/Aborig%C3%A8nes_d%27Australie	https://fr.wikipedia.org/wiki/Aborig%C3%A8nes_d%27Australie	https://fr.vikidia.org/wiki/Aborig%C3%A8nes_d%27Australie
Abou Amar	/wiki/Abou_Amar	https://fr.wikipedia.org/wiki/Abou_Amar	https://fr.vikidia.org/wiki/Abou_Amar
Abou Bakr	/wiki/Abou_Bakr	https://fr.wikipedia.org/wiki/Abou_Bakr	https://fr.vikidia.org/wiki/Abou_Bakr
Abou Bakr al-Baghdadi	/wiki/Abou_Bakr_al-Baghdadi	https://fr.wikipedia.org/wiki/Abou_Bakr_al-Baghdadi	https://fr.vikidia.org/wiki/Abou_Bakr_al-Baghdadi
Abou Dabi	/wiki/Abou_Dabi	https://fr.wikipedia.org/wiki/Abou_Dabi	https://fr.vikidia.org/wiki/Abou_Dabi
Abou Dabi (ville)	/wiki/Abou_Dabi_(ville)	https://fr.wikipedia.org/wiki/Abou_Dabi_(ville)	https://fr.vikidia.org/wiki/Abou_Dabi_(ville)
Abou Dabi (émirat)	/wiki/Abou_Dabi_(%C3%A9mirat)	https://fr.wikipedia.org/wiki/Abou_Dabi_(%C3%A9mirat)	https://fr.vikidia.org/wiki/Abou_Dabi_(%C3%A9mirat)
Abou Moussab Al-Zarqaoui	/wiki/Abou_Moussab_Al-Zarqaoui	https://fr.wikipedia.org/wiki/Abou_Moussab_Al-Zarqaoui	https://fr.vikidia.org/wiki/Abou_Moussab_Al-Zarqaoui
Abra	/wiki/Abra	https://fr.wikipedia.org/wiki/Abra	https://fr.vikidia.org/wiki/Abra
Abraha	/wiki/Abraha	https://fr.wikipedia.org/wiki/Abraha	https://fr.vikidia.org/wiki/Abraha
Abraham	/wiki/Abraham	https://fr.wikipedia.org/wiki/Abraham	https://fr.vikidia.org/wiki/Abraham
Abraham (homonymie)	/wiki/Abraham_(homonymie)	https://fr.wikipedia.org/wiki/Abraham_(homonymie)	https://fr.vikidia.org/wiki/Abraham_(homonymie)
Abraham Lincoln	/wiki/Abraham_Lincoln	https://fr.wikipedia.org/wiki/Abraham_Lincoln	https://fr.vikidia.org/wiki/Abraham_Lincoln
Abrasif	/wiki/Abrasif	https://fr.wikipedia.org/wiki/Abrasif	https://fr.vikidia.org/wiki/Abrasif
Abricot	/wiki/Abricot	https://fr.wikipedia.org/wiki/Abricot	https://fr.vikidia.org/wiki/Abricot
Abricot des Antilles	/wiki/Abricot_des_Antilles	https://fr.wikipedia.org/wiki/Abricot_des_Antilles	https://fr.vikidia.org/wiki/Abricot_des_Antilles
Abricotier	/wiki/Abricotier	https://fr.wikipedia.org/wiki/Abricotier	https://fr.vikidia.org/wiki/Abricotier
Abrictosaure	/wiki/Abrictosaure	https://fr.wikipedia.org/wiki/Abrictosaure	https://fr.vikidia.org/wiki/Abrictosaure
Abruzzes	/wiki/Abruzzes	https://fr.wikipedia.org/wiki/Abruzzes	https://fr.vikidia.org/wiki/Abruzzes
Abruzzes et Molise	/wiki/Abruzzes_et_Molise	https://fr.wikipedia.org/wiki/Abruzzes_et_Molise	https://fr.vikidia.org/wiki/Abruzzes_et_Molise
Abréviation	/wiki/Abr%C3%A9viation	https://fr.wikipedia.org/wiki/Abr%C3%A9viation	https://fr.vikidia.org/wiki/Abr%C3%A9viation
Absalon	/wiki/Absalon	https://fr.wikipedia.org/wiki/Absalon	https://fr.vikidia.org/wiki/Absalon
Absentéisme	/wiki/Absent%C3%A9isme	https://fr.wikipedia.org/wiki/Absent%C3%A9isme	https://fr.vikidia.org/wiki/Absent%C3%A9isme
Abside	/wiki/Abside	https://fr.wikipedia.org/wiki/Abside	https://fr.vikidia.org/wiki/Abside
Absinthe	/wiki/Absinthe	https://fr.wikipedia.org/wiki/Absinthe	https://fr.vikidia.org/wiki/Absinthe
Absinthe (liqueur)	/wiki/Absinthe_(liqueur)	https://fr.wikipedia.org/wiki/Absinthe_(liqueur)	https://fr.vikidia.org/wiki/Absinthe_(liqueur)
Absol	/wiki/Absol	https://fr.wikipedia.org/wiki/Absol	https://fr.vikidia.org/wiki/Absol
Absolos	/wiki/Absolos	https://fr.wikipedia.org/wiki/Absolos	https://fr.vikidia.org/wiki/Absolos
Abstention	/wiki/Abstention	https://fr.wikipedia.org/wiki/Abstention	https://fr.vikidia.org/wiki/Abstention
Abstinence sexuelle	/wiki/Abstinence_sexuelle	https://fr.wikipedia.org/wiki/Abstinence_sexuelle	https://fr.vikidia.org/wiki/Abstinence_sexuelle
Abstrait	/wiki/Abstrait	https://fr.wikipedia.org/wiki/Abstrait	https://fr.vikidia.org/wiki/Abstrait
Absurdité	/wiki/Absurdit%C3%A9	https://fr.wikipedia.org/wiki/Absurdit%C3%A9	https://fr.vikidia.org/wiki/Absurdit%C3%A9
Abu Al-Qasim	/wiki/Abu_Al-Qasim	https://fr.wikipedia.org/wiki/Abu_Al-Qasim	https://fr.vikidia.org/wiki/Abu_Al-Qasim
Abu Lahab	/wiki/Abu_Lahab	https://fr.wikipedia.org/wiki/Abu_Lahab	https://fr.vikidia.org/wiki/Abu_Lahab
Abu Sufyan ibn Harb	/wiki/Abu_Sufyan_ibn_Harb	https://fr.wikipedia.org/wiki/Abu_Sufyan_ibn_Harb	https://fr.vikidia.org/wiki/Abu_Sufyan_ibn_Harb
Abu l-Wafa	/wiki/Abu_l-Wafa	https://fr.wikipedia.org/wiki/Abu_l-Wafa	https://fr.vikidia.org/wiki/Abu_l-Wafa
Abuja	/wiki/Abuja	https://fr.wikipedia.org/wiki/Abuja	https://fr.vikidia.org/wiki/Abuja
AbulÉdu	/wiki/Abul%C3%89du	https://fr.wikipedia.org/wiki/Abul%C3%89du	https://fr.vikidia.org/wiki/Abul%C3%89du
Abus de biens sociaux	/wiki/Abus_de_biens_sociaux	https://fr.wikipedia.org/wiki/Abus_de_biens_sociaux	https://fr.vikidia.org/wiki/Abus_de_biens_sociaux
Abus de confiance	/wiki/Abus_de_confiance	https://fr.wikipedia.org/wiki/Abus_de_confiance	https://fr.vikidia.org/wiki/Abus_de_confiance
Abus de faiblesse	/wiki/Abus_de_faiblesse	https://fr.wikipedia.org/wiki/Abus_de_faiblesse	https://fr.vikidia.org/wiki/Abus_de_faiblesse
Abussos	/wiki/Abussos	https://fr.wikipedia.org/wiki/Abussos	https://fr.vikidia.org/wiki/Abussos
Abwehr	/wiki/Abwehr	https://fr.wikipedia.org/wiki/Abwehr	https://fr.vikidia.org/wiki/Abwehr
Abysse	/wiki/Abysse	https://fr.wikipedia.org/wiki/Abysse	https://fr.vikidia.org/wiki/Abysse
Abyssin	/wiki/Abyssin	https://fr.wikipedia.org/wiki/Abyssin	https://fr.vikidia.org/wiki/Abyssin
Abélia	/wiki/Ab%C3%A9lia	https://fr.wikipedia.org/wiki/Ab%C3%A9lia	https://fr.vikidia.org/wiki/Ab%C3%A9lia
Acacia	/wiki/Acacia	https://fr.wikipedia.org/wiki/Acacia	https://fr.vikidia.org/wiki/Acacia
Acadiane (Louisiane)	/wiki/Acadiane_(Louisiane)	https://fr.wikipedia.org/wiki/Acadiane_(Louisiane)	https://fr.vikidia.org/wiki/Acadiane_(Louisiane)
Acadie	/wiki/Acadie	https://fr.wikipedia.org/wiki/Acadie	https://fr.vikidia.org/wiki/Acadie
Acadie française	/wiki/Acadie_fran%C3%A7aise	https://fr.wikipedia.org/wiki/Acadie_fran%C3%A7aise	https://fr.vikidia.org/wiki/Acadie_fran%C3%A7aise
Académie de ballet Vaganova	/wiki/Acad%C3%A9mie_de_ballet_Vaganova	https://fr.wikipedia.org/wiki/Acad%C3%A9mie_de_ballet_Vaganova	https://fr.vikidia.org/wiki/Acad%C3%A9mie_de_ballet_Vaganova
Académie française	/wiki/Acad%C3%A9mie_fran%C3%A7aise	https://fr.wikipedia.org/wiki/Acad%C3%A9mie_fran%C3%A7aise	https://fr.vikidia.org/wiki/Acad%C3%A9mie_fran%C3%A7aise
Acajou	/wiki/Acajou	https://fr.wikipedia.org/wiki/Acajou	https://fr.vikidia.org/wiki/Acajou
Acanthe	/wiki/Acanthe	https://fr.wikipedia.org/wiki/Acanthe	https://fr.vikidia.org/wiki/Acanthe
Acanthopholis	/wiki/Acanthopholis	https://fr.wikipedia.org/wiki/Acanthopholis	https://fr.vikidia.org/wiki/Acanthopholis
Acapulco	/wiki/Acapulco	https://fr.wikipedia.org/wiki/Acapulco	https://fr.vikidia.org/wiki/Acapulco
Acarien	/wiki/Acarien	https://fr.wikipedia.org/wiki/Acarien	https://fr.vikidia.org/wiki/Acarien
Acarien de maison	/wiki/Acarien_de_maison	https://fr.wikipedia.org/wiki/Acarien_de_maison	https://fr.vikidia.org/wiki/Acarien_de_maison
Accastillage	/wiki/Accastillage	https://fr.wikipedia.org/wiki/Accastillage	https://fr.vikidia.org/wiki/Accastillage
Accent circonflexe	/wiki/Accent_circonflexe	https://fr.wikipedia.org/wiki/Accent_circonflexe	https://fr.vikidia.org/wiki/Accent_circonflexe
Accenteur alpin	/wiki/Accenteur_alpin	https://fr.wikipedia.org/wiki/Accenteur_alpin	https://fr.vikidia.org/wiki/Accenteur_alpin
Accenteur mouchet	/wiki/Accenteur_mouchet	https://fr.wikipedia.org/wiki/Accenteur_mouchet	https://fr.vikidia.org/wiki/Accenteur_mouchet
Accessibilité (géographie)	/wiki/Accessibilit%C3%A9_(g%C3%A9ographie)	https://fr.wikipedia.org/wiki/Accessibilit%C3%A9_(g%C3%A9ographie)	https://fr.vikidia.org/wiki/Accessibilit%C3%A9_(g%C3%A9ographie)
Accident	/wiki/Accident	https://fr.wikipedia.org/wiki/Accident	https://fr.vikidia.org/wiki/Accident
Accident aérien	/wiki/Accident_a%C3%A9rien	https://fr.wikipedia.org/wiki/Accident_a%C3%A9rien	https://fr.vikidia.org/wiki/Accident_a%C3%A9rien
Accident de la route	/wiki/Accident_de_la_route	https://fr.wikipedia.org/wiki/Accident_de_la_route	https://fr.vikidia.org/wiki/Accident_de_la_route
Accident domestique	/wiki/Accident_domestique	https://fr.wikipedia.org/wiki/Accident_domestique	https://fr.vikidia.org/wiki/Accident_domestique
Accident ferroviaire de Brétigny-sur-Orge	/wiki/Accident_ferroviaire_de_Br%C3%A9tigny-sur-Orge	https://fr.wikipedia.org/wiki/Accident_ferroviaire_de_Br%C3%A9tigny-sur-Orge	https://fr.vikidia.org/wiki/Accident_ferroviaire_de_Br%C3%A9tigny-sur-Orge
Accident nucléaire	/wiki/Accident_nucl%C3%A9aire	https://fr.wikipedia.org/wiki/Accident_nucl%C3%A9aire	https://fr.vikidia.org/wiki/Accident_nucl%C3%A9aire
Accident nucléaire de Fukushima	/wiki/Accident_nucl%C3%A9aire_de_Fukushima	https://fr.wikipedia.org/wiki/Accident_nucl%C3%A9aire_de_Fukushima	https://fr.vikidia.org/wiki/Accident_nucl%C3%A9aire_de_Fukushima
Accident vasculaire cérébral	/wiki/Accident_vasculaire_c%C3%A9r%C3%A9bral	https://fr.wikipedia.org/wiki/Accident_vasculaire_c%C3%A9r%C3%A9bral	https://fr.vikidia.org/wiki/Accident_vasculaire_c%C3%A9r%C3%A9bral
Accipitridé	/wiki/Accipitrid%C3%A9	https://fr.wikipedia.org/wiki/Accipitrid%C3%A9	https://fr.vikidia.org/wiki/Accipitrid%C3%A9
Accord	/wiki/Accord	https://fr.wikipedia.org/wiki/Accord	https://fr.vikidia.org/wiki/Accord
Accord (musique)	/wiki/Accord_(musique)	https://fr.wikipedia.org/wiki/Accord_(musique)	https://fr.vikidia.org/wiki/Accord_(musique)
Accord commercial anti-contrefaçon	/wiki/Accord_commercial_anti-contrefa%C3%A7on	https://fr.wikipedia.org/wiki/Accord_commercial_anti-contrefa%C3%A7on	https://fr.vikidia.org/wiki/Accord_commercial_anti-contrefa%C3%A7on
Accords Matignon (1936)	/wiki/Accords_Matignon_(1936)	https://fr.wikipedia.org/wiki/Accords_Matignon_(1936)	https://fr.vikidia.org/wiki/Accords_Matignon_(1936)
Accords Sykes-Picot	/wiki/Accords_Sykes-Picot	https://fr.wikipedia.org/wiki/Accords_Sykes-Picot	https://fr.vikidia.org/wiki/Accords_Sykes-Picot
Accords d'Helsinki	/wiki/Accords_d%27Helsinki	https://fr.wikipedia.org/wiki/Accords_d%27Helsinki	https://fr.vikidia.org/wiki/Accords_d%27Helsinki
Accords d'Évian	/wiki/Accords_d%27%C3%89vian	https://fr.wikipedia.org/wiki/Accords_d%27%C3%89vian	https://fr.vikidia.org/wiki/Accords_d%27%C3%89vian
Accords de Bretton Woods	/wiki/Accords_de_Bretton_Woods	https://fr.wikipedia.org/wiki/Accords_de_Bretton_Woods	https://fr.vikidia.org/wiki/Accords_de_Bretton_Woods
Accords de Camp David	/wiki/Accords_de_Camp_David	https://fr.wikipedia.org/wiki/Accords_de_Camp_David	https://fr.vikidia.org/wiki/Accords_de_Camp_David
Accords de Munich	/wiki/Accords_de_Munich	https://fr.wikipedia.org/wiki/Accords_de_Munich	https://fr.vikidia.org/wiki/Accords_de_Munich
Accords du Latran	/wiki/Accords_du_Latran	https://fr.wikipedia.org/wiki/Accords_du_Latran	https://fr.vikidia.org/wiki/Accords_du_Latran
Accordéon	/wiki/Accord%C3%A9on	https://fr.wikipedia.org/wiki/Accord%C3%A9on	https://fr.vikidia.org/wiki/Accord%C3%A9on
Accordéon diatonique	/wiki/Accord%C3%A9on_diatonique	https://fr.wikipedia.org/wiki/Accord%C3%A9on_diatonique	https://fr.vikidia.org/wiki/Accord%C3%A9on_diatonique
Accouchement	/wiki/Accouchement	https://fr.wikipedia.org/wiki/Accouchement	https://fr.vikidia.org/wiki/Accouchement
Accouplement	/wiki/Accouplement	https://fr.wikipedia.org/wiki/Accouplement	https://fr.vikidia.org/wiki/Accouplement
Accoutumance	/wiki/Accoutumance	https://fr.wikipedia.org/wiki/Accoutumance	https://fr.vikidia.org/wiki/Accoutumance
Accra	/wiki/Accra	https://fr.wikipedia.org/wiki/Accra	https://fr.vikidia.org/wiki/Accra
Accra (homonymie)	/wiki/Accra_(homonymie)	https://fr.wikipedia.org/wiki/Accra_(homonymie)	https://fr.vikidia.org/wiki/Accra_(homonymie)
Accroissement naturel	/wiki/Accroissement_naturel	https://fr.wikipedia.org/wiki/Accroissement_naturel	https://fr.vikidia.org/wiki/Accroissement_naturel
Accueil et activités périscolaires	/wiki/Accueil_et_activit%C3%A9s_p%C3%A9riscolaires	https://fr.wikipedia.org/wiki/Accueil_et_activit%C3%A9s_p%C3%A9riscolaires	https://fr.vikidia.org/wiki/Accueil_et_activit%C3%A9s_p%C3%A9riscolaires
Accumulateur électrique	/wiki/Accumulateur_%C3%A9lectrique	https://fr.wikipedia.org/wiki/Accumulateur_%C3%A9lectrique	https://fr.vikidia.org/wiki/Accumulateur_%C3%A9lectrique
Accusatif	/wiki/Accusatif	https://fr.wikipedia.org/wiki/Accusatif	https://fr.vikidia.org/wiki/Accusatif
Accélérateur de particules	/wiki/Acc%C3%A9l%C3%A9rateur_de_particules	https://fr.wikipedia.org/wiki/Acc%C3%A9l%C3%A9rateur_de_particules	https://fr.vikidia.org/wiki/Acc%C3%A9l%C3%A9rateur_de_particules
Accélération	/wiki/Acc%C3%A9l%C3%A9ration	https://fr.wikipedia.org/wiki/Acc%C3%A9l%C3%A9ration	https://fr.vikidia.org/wiki/Acc%C3%A9l%C3%A9ration
Ace Attorney (série)	/wiki/Ace_Attorney_(s%C3%A9rie)	https://fr.wikipedia.org/wiki/Ace_Attorney_(s%C3%A9rie)	https://fr.vikidia.org/wiki/Ace_Attorney_(s%C3%A9rie)
Ace Attorney Investigations: Miles Edgeworth	/wiki/Ace_Attorney_Investigations:_Miles_Edgeworth	https://fr.wikipedia.org/wiki/Ace_Attorney_Investigations:_Miles_Edgeworth	https://fr.vikidia.org/wiki/Ace_Attorney_Investigations:_Miles_Edgeworth
Acha	/wiki/Acha	https://fr.wikipedia.org/wiki/Acha	https://fr.vikidia.org/wiki/Acha
Achab	/wiki/Achab	https://fr.wikipedia.org/wiki/Achab	https://fr.vikidia.org/wiki/Achab
Achab (roi)	/wiki/Achab_(roi)	https://fr.wikipedia.org/wiki/Achab_(roi)	https://fr.vikidia.org/wiki/Achab_(roi)
Achaz	/wiki/Achaz	https://fr.wikipedia.org/wiki/Achaz	https://fr.vikidia.org/wiki/Achaz
Achaïe	/wiki/Acha%C3%AFe	https://fr.wikipedia.org/wiki/Acha%C3%AFe	https://fr.vikidia.org/wiki/Acha%C3%AFe
Achernar	/wiki/Achernar	https://fr.wikipedia.org/wiki/Achernar	https://fr.vikidia.org/wiki/Achernar
Acheuléen	/wiki/Acheul%C3%A9en	https://fr.wikipedia.org/wiki/Acheul%C3%A9en	https://fr.vikidia.org/wiki/Acheul%C3%A9en
Achgabat	/wiki/Achgabat	https://fr.wikipedia.org/wiki/Achgabat	https://fr.vikidia.org/wiki/Achgabat
Achille	/wiki/Achille	https://fr.wikipedia.org/wiki/Achille	https://fr.vikidia.org/wiki/Achille
Achondrite	/wiki/Achondrite	https://fr.wikipedia.org/wiki/Achondrite	https://fr.vikidia.org/wiki/Achondrite
Achondroplasie	/wiki/Achondroplasie	https://fr.wikipedia.org/wiki/Achondroplasie	https://fr.vikidia.org/wiki/Achondroplasie
Achoura	/wiki/Achoura	https://fr.wikipedia.org/wiki/Achoura	https://fr.vikidia.org/wiki/Achoura
La page de discussion pour les contributions depuis cette adresse IP [n]	/wiki/Sp%C3%A9cial:Mes_discussions	https://fr.wikipedia.org/wiki/Sp%C3%A9cial:Mes_discussions	https://fr.vikidia.org/wiki/Sp%C3%A9cial:Mes_discussions
Une liste des modifications effectuées depuis cette adresse IP [y]	/wiki/Sp%C3%A9cial:Mes_contributions	https://fr.wikipedia.org/wiki/Sp%C3%A9cial:Mes_contributions	https://fr.vikidia.org/wiki/Sp%C3%A9cial:Mes_contributions
Nous vous encourageons à créer un compte utilisateur et vous connecter; ce n’est cependant pas obligatoire	/w/index.php?title=Sp%C3%A9cial:Cr%C3%A9er_un_compte&returnto=Sp%C3%A9cial%3AIndex&returntoquery=prefix%3D%26namespace%3D0%26hideredirects%3D1	https://fr.wikipedia.org/w/index.php?title=Sp%C3%A9cial:Cr%C3%A9er_un_compte&returnto=Sp%C3%A9cial%3AIndex&returntoquery=prefix%3D%26namespace%3D0%26hideredirects%3D1	https://fr.vikidia.org/w/index.php?title=Sp%C3%A9cial:Cr%C3%A9er_un_compte&returnto=Sp%C3%A9cial%3AIndex&returntoquery=prefix%3D%26namespace%3D0%26hideredirects%3D1
Nous vous encourageons à vous connecter ; ce n’est cependant pas obligatoire [o]	/w/index.php?title=Sp%C3%A9cial:Connexion&returnto=Sp%C3%A9cial%3AIndex&returntoquery=prefix%3D%26namespace%3D0%26hideredirects%3D1	https://fr.wikipedia.org/w/index.php?title=Sp%C3%A9cial:Connexion&returnto=Sp%C3%A9cial%3AIndex&returntoquery=prefix%3D%26namespace%3D0%26hideredirects%3D1	https://fr.vikidia.org/w/index.php?title=Sp%C3%A9cial:Connexion&returnto=Sp%C3%A9cial%3AIndex&returntoquery=prefix%3D%26namespace%3D0%26hideredirects%3D1
Ceci est une page spéciale, et elle ne peut pas être modifiée. [s]	/w//index.php?title=Sp%C3%A9cial%3AIndex&prefix=&namespace=0&hideredirects=1	https://fr.wikipedia.org/w//index.php?title=Sp%C3%A9cial%3AIndex&prefix=&namespace=0&hideredirects=1	https://fr.vikidia.org/w//index.php?title=Sp%C3%A9cial%3AIndex&prefix=&namespace=0&hideredirects=1
Visiter la page d’accueil	/wiki/Vikidia:Accueil	https://fr.wikipedia.org/wiki/Vikidia:Accueil	https://fr.vikidia.org/wiki/Vikidia:Accueil
À propos du projet, ce que vous pouvez faire, où trouver les informations [p]	/wiki/Vikidia:Communaut%C3%A9	https://fr.wikipedia.org/wiki/Vikidia:Communaut%C3%A9	https://fr.vikidia.org/wiki/Vikidia:Communaut%C3%A9
Liste de toutes les pages spéciales [q]	/wiki/Sp%C3%A9cial:Pages_sp%C3%A9ciales	https://fr.wikipedia.org/wiki/Sp%C3%A9cial:Pages_sp%C3%A9ciales	https://fr.vikidia.org/wiki/Sp%C3%A9cial:Pages_sp%C3%A9ciales
Version imprimable de cette page [p]	/w/index.php?title=Sp%C3%A9cial:Index&prefix=&namespace=0&hideredirects=1&printable=yes	https://fr.wikipedia.org/w/index.php?title=Sp%C3%A9cial:Index&prefix=&namespace=0&hideredirects=1&printable=yes	https://fr.vikidia.org/w/index.php?title=Sp%C3%A9cial:Index&prefix=&namespace=0&hideredirects=1&printable=yes
Achères	/wiki/Ach%C3%A8res	https://fr.wikipedia.org/wiki/Ach%C3%A8res	https://fr.vikidia.org/wiki/Ach%C3%A8res
Achères (Yvelines)	/wiki/Ach%C3%A8res_(Yvelines)	https://fr.wikipedia.org/wiki/Ach%C3%A8res_(Yvelines)	https://fr.vikidia.org/wiki/Ach%C3%A8res_(Yvelines)
Achéens	/wiki/Ach%C3%A9ens	https://fr.wikipedia.org/wiki/Ach%C3%A9ens	https://fr.vikidia.org/wiki/Ach%C3%A9ens
Achéloos	/wiki/Ach%C3%A9loos	https://fr.wikipedia.org/wiki/Ach%C3%A9loos	https://fr.vikidia.org/wiki/Ach%C3%A9loos
Achéménides	/wiki/Ach%C3%A9m%C3%A9nides	https://fr.wikipedia.org/wiki/Ach%C3%A9m%C3%A9nides	https://fr.vikidia.org/wiki/Ach%C3%A9m%C3%A9nides
Achéron	/wiki/Ach%C3%A9ron	https://fr.wikipedia.org/wiki/Ach%C3%A9ron	https://fr.vikidia.org/wiki/Ach%C3%A9ron
Aciclovir	/wiki/Aciclovir	https://fr.wikipedia.org/wiki/Aciclovir	https://fr.vikidia.org/wiki/Aciclovir
Acid3	/wiki/Acid3	https://fr.wikipedia.org/wiki/Acid3	https://fr.vikidia.org/wiki/Acid3
Acide	/wiki/Acide	https://fr.wikipedia.org/wiki/Acide	https://fr.vikidia.org/wiki/Acide
Acide acétique	/wiki/Acide_ac%C3%A9tique	https://fr.wikipedia.org/wiki/Acide_ac%C3%A9tique	https://fr.vikidia.org/wiki/Acide_ac%C3%A9tique
Acide aminé	/wiki/Acide_amin%C3%A9	https://fr.wikipedia.org/wiki/Acide_amin%C3%A9	https://fr.vikidia.org/wiki/Acide_amin%C3%A9
Acide aspartique	/wiki/Acide_aspartique	https://fr.wikipedia.org/wiki/Acide_aspartique	https://fr.vikidia.org/wiki/Acide_aspartique
Acide borique	/wiki/Acide_borique	https://fr.wikipedia.org/wiki/Acide_borique	https://fr.vikidia.org/wiki/Acide_borique
Acide chlorhydrique	/wiki/Acide_chlorhydrique	https://fr.wikipedia.org/wiki/Acide_chlorhydrique	https://fr.vikidia.org/wiki/Acide_chlorhydrique
Acide citrique	/wiki/Acide_citrique	https://fr.wikipedia.org/wiki/Acide_citrique	https://fr.vikidia.org/wiki/Acide_citrique
Acide désoxyribonucléique	/wiki/Acide_d%C3%A9soxyribonucl%C3%A9ique	https://fr.wikipedia.org/wiki/Acide_d%C3%A9soxyribonucl%C3%A9ique	https://fr.vikidia.org/wiki/Acide_d%C3%A9soxyribonucl%C3%A9ique
Acide nitrique	/wiki/Acide_nitrique	https://fr.wikipedia.org/wiki/Acide_nitrique	https://fr.vikidia.org/wiki/Acide_nitrique
Acide nucléique	/wiki/Acide_nucl%C3%A9ique	https://fr.wikipedia.org/wiki/Acide_nucl%C3%A9ique	https://fr.vikidia.org/wiki/Acide_nucl%C3%A9ique
Acide oxalique	/wiki/Acide_oxalique	https://fr.wikipedia.org/wiki/Acide_oxalique	https://fr.vikidia.org/wiki/Acide_oxalique
Acide phosphorique	/wiki/Acide_phosphorique	https://fr.wikipedia.org/wiki/Acide_phosphorique	https://fr.vikidia.org/wiki/Acide_phosphorique
Acide ribonucléique	/wiki/Acide_ribonucl%C3%A9ique	https://fr.wikipedia.org/wiki/Acide_ribonucl%C3%A9ique	https://fr.vikidia.org/wiki/Acide_ribonucl%C3%A9ique
Acide sulfurique	/wiki/Acide_sulfurique	https://fr.wikipedia.org/wiki/Acide_sulfurique	https://fr.vikidia.org/wiki/Acide_sulfurique
Acidification des océans	/wiki/Acidification_des_oc%C3%A9ans	https://fr.wikipedia.org/wiki/Acidification_des_oc%C3%A9ans	https://fr.vikidia.org/wiki/Acidification_des_oc%C3%A9ans
Acier	/wiki/Acier	https://fr.wikipedia.org/wiki/Acier	https://fr.vikidia.org/wiki/Acier
Acné	/wiki/Acn%C3%A9	https://fr.wikipedia.org/wiki/Acn%C3%A9	https://fr.vikidia.org/wiki/Acn%C3%A9
Aconit	/wiki/Aconit	https://fr.wikipedia.org/wiki/Aconit	https://fr.vikidia.org/wiki/Aconit
Aconit napel	/wiki/Aconit_napel	https://fr.wikipedia.org/wiki/Aconit_napel	https://fr.vikidia.org/wiki/Aconit_napel
Acouphène	/wiki/Acouph%C3%A8ne	https://fr.wikipedia.org/wiki/Acouph%C3%A8ne	https://fr.vikidia.org/wiki/Acouph%C3%A8ne
Acoustique	/wiki/Acoustique	https://fr.wikipedia.org/wiki/Acoustique	https://fr.vikidia.org/wiki/Acoustique
Acqueville	/wiki/Acqueville	https://fr.wikipedia.org/wiki/Acqueville	https://fr.vikidia.org/wiki/Acqueville
Acra	/wiki/Acra	https://fr.wikipedia.org/wiki/Acra	https://fr.vikidia.org/wiki/Acra
Acre	/wiki/Acre	https://fr.wikipedia.org/wiki/Acre	https://fr.vikidia.org/wiki/Acre
Acrobate	/wiki/Acrobate	https://fr.wikipedia.org/wiki/Acrobate	https://fr.vikidia.org/wiki/Acrobate
Acrobate pygmée	/wiki/Acrobate_pygm%C3%A9e	https://fr.wikipedia.org/wiki/Acrobate_pygm%C3%A9e	https://fr.vikidia.org/wiki/Acrobate_pygm%C3%A9e
Acrocanthosaure	/wiki/Acrocanthosaure	https://fr.wikipedia.org/wiki/Acrocanthosaure	https://fr.vikidia.org/wiki/Acrocanthosaure
Acronyme	/wiki/Acronyme	https://fr.wikipedia.org/wiki/Acronyme	https://fr.vikidia.org/wiki/Acronyme
Acropole	/wiki/Acropole	https://fr.wikipedia.org/wiki/Acropole	https://fr.vikidia.org/wiki/Acropole
Acropole d'Athènes	/wiki/Acropole_d%27Ath%C3%A8nes	https://fr.wikipedia.org/wiki/Acropole_d%27Ath%C3%A8nes	https://fr.vikidia.org/wiki/Acropole_d%27Ath%C3%A8nes
Acrostiche	/wiki/Acrostiche	https://fr.wikipedia.org/wiki/Acrostiche	https://fr.vikidia.org/wiki/Acrostiche
Acrylique	/wiki/Acrylique	https://fr.wikipedia.org/wiki/Acrylique	https://fr.vikidia.org/wiki/Acrylique
Acte (théâtre)	/wiki/Acte_(th%C3%A9%C3%A2tre)	https://fr.wikipedia.org/wiki/Acte_(th%C3%A9%C3%A2tre)	https://fr.vikidia.org/wiki/Acte_(th%C3%A9%C3%A2tre)
Acte d'accusation contre Louis XVI	/wiki/Acte_d%27accusation_contre_Louis_XVI	https://fr.wikipedia.org/wiki/Acte_d%27accusation_contre_Louis_XVI	https://fr.vikidia.org/wiki/Acte_d%27accusation_contre_Louis_XVI
Acte de décès	/wiki/Acte_de_d%C3%A9c%C3%A8s	https://fr.wikipedia.org/wiki/Acte_de_d%C3%A9c%C3%A8s	https://fr.vikidia.org/wiki/Acte_de_d%C3%A9c%C3%A8s
Acte de mariage	/wiki/Acte_de_mariage	https://fr.wikipedia.org/wiki/Acte_de_mariage	https://fr.vikidia.org/wiki/Acte_de_mariage
Acte de naissance	/wiki/Acte_de_naissance	https://fr.wikipedia.org/wiki/Acte_de_naissance	https://fr.vikidia.org/wiki/Acte_de_naissance
Acte de navigation	/wiki/Acte_de_navigation	https://fr.wikipedia.org/wiki/Acte_de_navigation	https://fr.vikidia.org/wiki/Acte_de_navigation
Acte du Kansas-Nebraska	/wiki/Acte_du_Kansas-Nebraska	https://fr.wikipedia.org/wiki/Acte_du_Kansas-Nebraska	https://fr.vikidia.org/wiki/Acte_du_Kansas-Nebraska
Actes des Apôtres	/wiki/Actes_des_Ap%C3%B4tres	https://fr.wikipedia.org/wiki/Actes_des_Ap%C3%B4tres	https://fr.vikidia.org/wiki/Actes_des_Ap%C3%B4tres
Acteur	/wiki/Acteur	https://fr.wikipedia.org/wiki/Acteur	https://fr.vikidia.org/wiki/Acteur
Acteurs à Rome dans l'Antiquité	/wiki/Acteurs_%C3%A0_Rome_dans_l%27Antiquit%C3%A9	https://fr.wikipedia.org/wiki/Acteurs_%C3%A0_Rome_dans_l%27Antiquit%C3%A9	https://fr.vikidia.org/wiki/Acteurs_%C3%A0_Rome_dans_l%27Antiquit%C3%A9
Actinide	/wiki/Actinide	https://fr.wikipedia.org/wiki/Actinide	https://fr.vikidia.org/wiki/Actinide
Actinie rouge	/wiki/Actinie_rouge	https://fr.wikipedia.org/wiki/Actinie_rouge	https://fr.vikidia.org/wiki/Actinie_rouge
Actinium	/wiki/Actinium	https://fr.wikipedia.org/wiki/Actinium	https://fr.vikidia.org/wiki/Actinium
Action	/wiki/Action	https://fr.wikipedia.org/wiki/Action	https://fr.vikidia.org/wiki/Action
Action (magasin)	/wiki/Action_(magasin)	https://fr.wikipedia.org/wiki/Action_(magasin)	https://fr.vikidia.org/wiki/Action_(magasin)
Action contre la faim	/wiki/Action_contre_la_faim	https://fr.wikipedia.org/wiki/Action_contre_la_faim	https://fr.vikidia.org/wiki/Action_contre_la_faim
Action d'entreprise	/wiki/Action_d%27entreprise	https://fr.wikipedia.org/wiki/Action_d%27entreprise	https://fr.vikidia.org/wiki/Action_d%27entreprise
Action enfance	/wiki/Action_enfance	https://fr.wikipedia.org/wiki/Action_enfance	https://fr.vikidia.org/wiki/Action_enfance
Action française	/wiki/Action_fran%C3%A7aise	https://fr.wikipedia.org/wiki/Action_fran%C3%A7aise	https://fr.vikidia.org/wiki/Action_fran%C3%A7aise
Action man	/wiki/Action_man	https://fr.wikipedia.org/wiki/Action_man	https://fr.vikidia.org/wiki/Action_man
Actionnaire	/wiki/Actionnaire	https://fr.wikipedia.org/wiki/Actionnaire	https://fr.vikidia.org/wiki/Actionnaire
Activision	/wiki/Activision	https://fr.wikipedia.org/wiki/Activision	https://fr.vikidia.org/wiki/Activision
Activisme	/wiki/Activisme	https://fr.wikipedia.org/wiki/Activisme	https://fr.vikidia.org/wiki/Activisme
Activité	/wiki/Activit%C3%A9	https://fr.wikipedia.org/wiki/Activit%C3%A9	https://fr.vikidia.org/wiki/Activit%C3%A9
Activité manuelle	/wiki/Activit%C3%A9_manuelle	https://fr.wikipedia.org/wiki/Activit%C3%A9_manuelle	https://fr.vikidia.org/wiki/Activit%C3%A9_manuelle
Actualité	/wiki/Actualit%C3%A9	https://fr.wikipedia.org/wiki/Actualit%C3%A9	https://fr.vikidia.org/wiki/Actualit%C3%A9
Actun Tunichil Muknal	/wiki/Actun_Tunichil_Muknal	https://fr.wikipedia.org/wiki/Actun_Tunichil_Muknal	https://fr.vikidia.org/wiki/Actun_Tunichil_Muknal
Actéon	/wiki/Act%C3%A9on	https://fr.wikipedia.org/wiki/Act%C3%A9on	https://fr.vikidia.org/wiki/Act%C3%A9on
Acérola	/wiki/Ac%C3%A9rola	https://fr.wikipedia.org/wiki/Ac%C3%A9rola	https://fr.vikidia.org/wiki/Ac%C3%A9rola
Acétate de sodium	/wiki/Ac%C3%A9tate_de_sodium	https://fr.wikipedia.org/wiki/Ac%C3%A9tate_de_sodium	https://fr.vikidia.org/wiki/Ac%C3%A9tate_de_sodium
Acétylène	/wiki/Ac%C3%A9tyl%C3%A8ne	https://fr.wikipedia.org/wiki/Ac%C3%A9tyl%C3%A8ne	https://fr.vikidia.org/wiki/Ac%C3%A9tyl%C3%A8ne
Ada	/wiki/Ada	https://fr.wikipedia.org/wiki/Ada	https://fr.vikidia.org/wiki/Ada
Ada Lovelace	/wiki/Ada_Lovelace	https://fr.wikipedia.org/wiki/Ada_Lovelace	https://fr.vikidia.org/wiki/Ada_Lovelace
Adam Clayton Powell Jr.	/wiki/Adam_Clayton_Powell_Jr.	https://fr.wikipedia.org/wiki/Adam_Clayton_Powell_Jr.	https://fr.vikidia.org/wiki/Adam_Clayton_Powell_Jr.
Adam Copeland	/wiki/Adam_Copeland	https://fr.wikipedia.org/wiki/Adam_Copeland	https://fr.vikidia.org/wiki/Adam_Copeland
Adam Driver	/wiki/Adam_Driver	https://fr.wikipedia.org/wiki/Adam_Driver	https://fr.vikidia.org/wiki/Adam_Driver
Adam Ondra	/wiki/Adam_Ondra	https://fr.wikipedia.org/wiki/Adam_Ondra	https://fr.vikidia.org/wiki/Adam_Ondra
Adam Shankman	/wiki/Adam_Shankman	https://fr.wikipedia.org/wiki/Adam_Shankman	https://fr.vikidia.org/wiki/Adam_Shankman
Adam Smith	/wiki/Adam_Smith	https://fr.wikipedia.org/wiki/Adam_Smith	https://fr.vikidia.org/wiki/Adam_Smith
Adam de la Halle	/wiki/Adam_de_la_Halle	https://fr.wikipedia.org/wiki/Adam_de_la_Halle	https://fr.vikidia.org/wiki/Adam_de_la_Halle
Adam et Ève	/wiki/Adam_et_%C3%88ve	https://fr.wikipedia.org/wiki/Adam_et_%C3%88ve	https://fr.vikidia.org/wiki/Adam_et_%C3%88ve
Adama	/wiki/Adama	https://fr.wikipedia.org/wiki/Adama	https://fr.vikidia.org/wiki/Adama
Adamo	/wiki/Adamo	https://fr.wikipedia.org/wiki/Adamo	https://fr.vikidia.org/wiki/Adamo
Adams	/wiki/Adams	https://fr.wikipedia.org/wiki/Adams	https://fr.vikidia.org/wiki/Adams
Adana	/wiki/Adana	https://fr.wikipedia.org/wiki/Adana	https://fr.vikidia.org/wiki/Adana
Adaptateur électrique	/wiki/Adaptateur_%C3%A9lectrique	https://fr.wikipedia.org/wiki/Adaptateur_%C3%A9lectrique	https://fr.vikidia.org/wiki/Adaptateur_%C3%A9lectrique
Addax	/wiki/Addax	https://fr.wikipedia.org/wiki/Addax	https://fr.vikidia.org/wiki/Addax
Addiction	/wiki/Addiction	https://fr.wikipedia.org/wiki/Addiction	https://fr.vikidia.org/wiki/Addiction
Addis-Abeba	/wiki/Addis-Abeba	https://fr.wikipedia.org/wiki/Addis-Abeba	https://fr.vikidia.org/wiki/Addis-Abeba
Addison Rae	/wiki/Addison_Rae	https://fr.wikipedia.org/wiki/Addison_Rae	https://fr.vikidia.org/wiki/Addison_Rae
Additif	/wiki/Additif	https://fr.wikipedia.org/wiki/Additif	https://fr.vikidia.org/wiki/Additif
Additif alimentaire	/wiki/Additif_alimentaire	https://fr.wikipedia.org/wiki/Additif_alimentaire	https://fr.vikidia.org/wiki/Additif_alimentaire
Addition	/wiki/Addition	https://fr.wikipedia.org/wiki/Addition	https://fr.vikidia.org/wiki/Addition
Address to the Nation on Civil Rights (1963)	/wiki/Address_to_the_Nation_on_Civil_Rights_(1963)	https://fr.wikipedia.org/wiki/Address_to_the_Nation_on_Civil_Rights_(1963)	https://fr.vikidia.org/wiki/Address_to_the_Nation_on_Civil_Rights_(1963)
Adele	/wiki/Adele	https://fr.wikipedia.org/wiki/Adele	https://fr.vikidia.org/wiki/Adele
Adelitas Way	/wiki/Adelitas_Way	https://fr.wikipedia.org/wiki/Adelitas_Way	https://fr.vikidia.org/wiki/Adelitas_Way
Adelphobates	/wiki/Adelphobates	https://fr.wikipedia.org/wiki/Adelphobates	https://fr.vikidia.org/wiki/Adelphobates
Aden	/wiki/Aden	https://fr.wikipedia.org/wiki/Aden	https://fr.vikidia.org/wiki/Aden
Ades	/wiki/Ades	https://fr.wikipedia.org/wiki/Ades	https://fr.vikidia.org/wiki/Ades
Adhan	/wiki/Adhan	https://fr.wikipedia.org/wiki/Adhan	https://fr.vikidia.org/wiki/Adhan
Adidas	/wiki/Adidas	https://fr.wikipedia.org/wiki/Adidas	https://fr.vikidia.org/wiki/Adidas
Adjectif	/wiki/Adjectif	https://fr.wikipedia.org/wiki/Adjectif	https://fr.vikidia.org/wiki/Adjectif
Adjectif numéral ordinal	/wiki/Adjectif_num%C3%A9ral_ordinal	https://fr.wikipedia.org/wiki/Adjectif_num%C3%A9ral_ordinal	https://fr.vikidia.org/wiki/Adjectif_num%C3%A9ral_ordinal
Adjectif qualificatif	/wiki/Adjectif_qualificatif	https://fr.wikipedia.org/wiki/Adjectif_qualificatif	https://fr.vikidia.org/wiki/Adjectif_qualificatif
Administrateur réseaux	/wiki/Administrateur_r%C3%A9seaux	https://fr.wikipedia.org/wiki/Administrateur_r%C3%A9seaux	https://fr.vikidia.org/wiki/Administrateur_r%C3%A9seaux
Administration	/wiki/Administration	https://fr.wikipedia.org/wiki/Administration	https://fr.vikidia.org/wiki/Administration
Administration de Paris	/wiki/Administration_de_Paris	https://fr.wikipedia.org/wiki/Administration_de_Paris	https://fr.vikidia.org/wiki/Administration_de_Paris
Administration de la France	/wiki/Administration_de_la_France	https://fr.wikipedia.org/wiki/Administration_de_la_France	https://fr.vikidia.org/wiki/Administration_de_la_France
Administration publique	/wiki/Administration_publique	https://fr.wikipedia.org/wiki/Administration_publique	https://fr.vikidia.org/wiki/Administration_publique
Administration royale en France sous l'Ancien Régime	/wiki/Administration_royale_en_France_sous_l%27Ancien_R%C3%A9gime	https://fr.wikipedia.org/wiki/Administration_royale_en_France_sous_l%27Ancien_R%C3%A9gime	https://fr.vikidia.org/wiki/Administration_royale_en_France_sous_l%27Ancien_R%C3%A9gime
Administration soviétique de la Corée	/wiki/Administration_sovi%C3%A9tique_de_la_Cor%C3%A9e	https://fr.wikipedia.org/wiki/Administration_sovi%C3%A9tique_de_la_Cor%C3%A9e	https://fr.vikidia.org/wiki/Administration_sovi%C3%A9tique_de_la_Cor%C3%A9e
Administration territoriale	/wiki/Administration_territoriale	https://fr.wikipedia.org/wiki/Administration_territoriale	https://fr.vikidia.org/wiki/Administration_territoriale
Administration territoriale de la France	/wiki/Administration_territoriale_de_la_France	https://fr.wikipedia.org/wiki/Administration_territoriale_de_la_France	https://fr.vikidia.org/wiki/Administration_territoriale_de_la_France
Admiration	/wiki/Admiration	https://fr.wikipedia.org/wiki/Admiration	https://fr.vikidia.org/wiki/Admiration
Admonestation	/wiki/Admonestation	https://fr.wikipedia.org/wiki/Admonestation	https://fr.vikidia.org/wiki/Admonestation
Adobe Acrobat	/wiki/Adobe_Acrobat	https://fr.wikipedia.org/wiki/Adobe_Acrobat	https://fr.vikidia.org/wiki/Adobe_Acrobat
Adobe After Effects	/wiki/Adobe_After_Effects	https://fr.wikipedia.org/wiki/Adobe_After_Effects	https://fr.vikidia.org/wiki/Adobe_After_Effects
Adobe Creative Cloud	/wiki/Adobe_Creative_Cloud	https://fr.wikipedia.org/wiki/Adobe_Creative_Cloud	https://fr.vikidia.org/wiki/Adobe_Creative_Cloud
Adobe Illustrator	/wiki/Adobe_Illustrator	https://fr.wikipedia.org/wiki/Adobe_Illustrator	https://fr.vikidia.org/wiki/Adobe_Illustrator
Adobe InDesign	/wiki/Adobe_InDesign	https://fr.wikipedia.org/wiki/Adobe_InDesign	https://fr.vikidia.org/wiki/Adobe_InDesign
Adobe Photoshop	/wiki/Adobe_Photoshop	https://fr.wikipedia.org/wiki/Adobe_Photoshop	https://fr.vikidia.org/wiki/Adobe_Photoshop
Adobe Premiere Pro	/wiki/Adobe_Premiere_Pro	https://fr.wikipedia.org/wiki/Adobe_Premiere_Pro	https://fr.vikidia.org/wiki/Adobe_Premiere_Pro
Adobe Systems	/wiki/Adobe_Systems	https://fr.wikipedia.org/wiki/Adobe_Systems	https://fr.vikidia.org/wiki/Adobe_Systems
Adolescence	/wiki/Adolescence	https://fr.wikipedia.org/wiki/Adolescence	https://fr.vikidia.org/wiki/Adolescence
Adolf Eichmann	/wiki/Adolf_Eichmann	https://fr.wikipedia.org/wiki/Adolf_Eichmann	https://fr.vikidia.org/wiki/Adolf_Eichmann
Adolf Hitler	/wiki/Adolf_Hitler	https://fr.wikipedia.org/wiki/Adolf_Hitler	https://fr.vikidia.org/wiki/Adolf_Hitler
Adolfo Suarez	/wiki/Adolfo_Suarez	https://fr.wikipedia.org/wiki/Adolfo_Suarez	https://fr.vikidia.org/wiki/Adolfo_Suarez
Adolphe Sax	/wiki/Adolphe_Sax	https://fr.wikipedia.org/wiki/Adolphe_Sax	https://fr.vikidia.org/wiki/Adolphe_Sax
Adolphe Thiers	/wiki/Adolphe_Thiers	https://fr.wikipedia.org/wiki/Adolphe_Thiers	https://fr.vikidia.org/wiki/Adolphe_Thiers
Adonis	/wiki/Adonis	https://fr.wikipedia.org/wiki/Adonis	https://fr.vikidia.org/wiki/Adonis
Adopte moi !	/wiki/Adopte_moi_!	https://fr.wikipedia.org/wiki/Adopte_moi_!	https://fr.vikidia.org/wiki/Adopte_moi_!
Adoption	/wiki/Adoption	https://fr.wikipedia.org/wiki/Adoption	https://fr.vikidia.org/wiki/Adoption
Adoubement	/wiki/Adoubement	https://fr.wikipedia.org/wiki/Adoubement	https://fr.vikidia.org/wiki/Adoubement
Adour	/wiki/Adour	https://fr.wikipedia.org/wiki/Adour	https://fr.vikidia.org/wiki/Adour
Adresse	/wiki/Adresse	https://fr.wikipedia.org/wiki/Adresse	https://fr.vikidia.org/wiki/Adresse
Adresse IP	/wiki/Adresse_IP	https://fr.wikipedia.org/wiki/Adresse_IP	https://fr.vikidia.org/wiki/Adresse_IP
Adresse URL	/wiki/Adresse_URL	https://fr.wikipedia.org/wiki/Adresse_URL	https://fr.vikidia.org/wiki/Adresse_URL
Adret	/wiki/Adret	https://fr.wikipedia.org/wiki/Adret	https://fr.vikidia.org/wiki/Adret
Adrienne	/wiki/Adrienne	https://fr.wikipedia.org/wiki/Adrienne	https://fr.vikidia.org/wiki/Adrienne
Adrienne Lecouvreur	/wiki/Adrienne_Lecouvreur	https://fr.wikipedia.org/wiki/Adrienne_Lecouvreur	https://fr.vikidia.org/wiki/Adrienne_Lecouvreur
Adryan	/wiki/Adryan	https://fr.wikipedia.org/wiki/Adryan	https://fr.vikidia.org/wiki/Adryan
Adrénaline	/wiki/Adr%C3%A9naline	https://fr.wikipedia.org/wiki/Adr%C3%A9naline	https://fr.vikidia.org/wiki/Adr%C3%A9naline
Adultère	/wiki/Adult%C3%A8re	https://fr.wikipedia.org/wiki/Adult%C3%A8re	https://fr.vikidia.org/wiki/Adult%C3%A8re
Advanced Micro Devices	/wiki/Advanced_Micro_Devices	https://fr.wikipedia.org/wiki/Advanced_Micro_Devices	https://fr.vikidia.org/wiki/Advanced_Micro_Devices
Adventure Island (NES)	/wiki/Adventure_Island_(NES)	https://fr.wikipedia.org/wiki/Adventure_Island_(NES)	https://fr.vikidia.org/wiki/Adventure_Island_(NES)
Adventure Time	/wiki/Adventure_Time	https://fr.wikipedia.org/wiki/Adventure_Time	https://fr.vikidia.org/wiki/Adventure_Time
Adventures In the Magic Kingdom	/wiki/Adventures_In_the_Magic_Kingdom	https://fr.wikipedia.org/wiki/Adventures_In_the_Magic_Kingdom	https://fr.vikidia.org/wiki/Adventures_In_the_Magic_Kingdom
Adverbe	/wiki/Adverbe	https://fr.wikipedia.org/wiki/Adverbe	https://fr.vikidia.org/wiki/Adverbe
Adversaire	/wiki/Adversaire	https://fr.wikipedia.org/wiki/Adversaire	https://fr.vikidia.org/wiki/Adversaire
AdwCleaner	/wiki/AdwCleaner	https://fr.wikipedia.org/wiki/AdwCleaner	https://fr.vikidia.org/wiki/AdwCleaner
Adware	/wiki/Adware	https://fr.wikipedia.org/wiki/Adware	https://fr.vikidia.org/wiki/Adware
Adygueïsk	/wiki/Adygue%C3%AFsk	https://fr.wikipedia.org/wiki/Adygue%C3%AFsk	https://fr.vikidia.org/wiki/Adygue%C3%AFsk
Adyguée	/wiki/Adygu%C3%A9e	https://fr.wikipedia.org/wiki/Adygu%C3%A9e	https://fr.vikidia.org/wiki/Adygu%C3%A9e
Adylkuzz	/wiki/Adylkuzz	https://fr.wikipedia.org/wiki/Adylkuzz	https://fr.vikidia.org/wiki/Adylkuzz
Adèle Hugo	/wiki/Ad%C3%A8le_Hugo	https://fr.wikipedia.org/wiki/Ad%C3%A8le_Hugo	https://fr.vikidia.org/wiki/Ad%C3%A8le_Hugo
Adèle de Champagne	/wiki/Ad%C3%A8le_de_Champagne	https://fr.wikipedia.org/wiki/Ad%C3%A8le_de_Champagne	https://fr.vikidia.org/wiki/Ad%C3%A8le_de_Champagne
Adélaïde (Australie)	/wiki/Ad%C3%A9la%C3%AFde_(Australie)	https://fr.wikipedia.org/wiki/Ad%C3%A9la%C3%AFde_(Australie)	https://fr.vikidia.org/wiki/Ad%C3%A9la%C3%AFde_(Australie)
Adélaïde d'Aquitaine	/wiki/Ad%C3%A9la%C3%AFde_d%27Aquitaine	https://fr.wikipedia.org/wiki/Ad%C3%A9la%C3%AFde_d%27Aquitaine	https://fr.vikidia.org/wiki/Ad%C3%A9la%C3%AFde_d%27Aquitaine
Adélaïde de Savoie	/wiki/Ad%C3%A9la%C3%AFde_de_Savoie	https://fr.wikipedia.org/wiki/Ad%C3%A9la%C3%AFde_de_Savoie	https://fr.vikidia.org/wiki/Ad%C3%A9la%C3%AFde_de_Savoie
Adélaïde et le prince noir	/wiki/Ad%C3%A9la%C3%AFde_et_le_prince_noir	https://fr.wikipedia.org/wiki/Ad%C3%A9la%C3%AFde_et_le_prince_noir	https://fr.vikidia.org/wiki/Ad%C3%A9la%C3%AFde_et_le_prince_noir
Adénine	/wiki/Ad%C3%A9nine	https://fr.wikipedia.org/wiki/Ad%C3%A9nine	https://fr.vikidia.org/wiki/Ad%C3%A9nine
Adénosine triphosphate	/wiki/Ad%C3%A9nosine_triphosphate	https://fr.wikipedia.org/wiki/Ad%C3%A9nosine_triphosphate	https://fr.vikidia.org/wiki/Ad%C3%A9nosine_triphosphate
Aegukga	/wiki/Aegukga	https://fr.wikipedia.org/wiki/Aegukga	https://fr.vikidia.org/wiki/Aegukga
Aelita Schaeffer	/wiki/Aelita_Schaeffer	https://fr.wikipedia.org/wiki/Aelita_Schaeffer	https://fr.vikidia.org/wiki/Aelita_Schaeffer
Aetius	/wiki/Aetius	https://fr.wikipedia.org/wiki/Aetius	https://fr.vikidia.org/wiki/Aetius
Afagnan	/wiki/Afagnan	https://fr.wikipedia.org/wiki/Afagnan	https://fr.vikidia.org/wiki/Afagnan
Affaire Calas	/wiki/Affaire_Calas	https://fr.wikipedia.org/wiki/Affaire_Calas	https://fr.vikidia.org/wiki/Affaire_Calas
Affaire Clearstream 2	/wiki/Affaire_Clearstream_2	https://fr.wikipedia.org/wiki/Affaire_Clearstream_2	https://fr.vikidia.org/wiki/Affaire_Clearstream_2
Affaire Dreyfus	/wiki/Affaire_Dreyfus	https://fr.wikipedia.org/wiki/Affaire_Dreyfus	https://fr.vikidia.org/wiki/Affaire_Dreyfus
Affaire Fiona	/wiki/Affaire_Fiona	https://fr.wikipedia.org/wiki/Affaire_Fiona	https://fr.vikidia.org/wiki/Affaire_Fiona
Affaire George Floyd	/wiki/Affaire_George_Floyd	https://fr.wikipedia.org/wiki/Affaire_George_Floyd	https://fr.vikidia.org/wiki/Affaire_George_Floyd
Affaire Grégory	/wiki/Affaire_Gr%C3%A9gory	https://fr.wikipedia.org/wiki/Affaire_Gr%C3%A9gory	https://fr.vikidia.org/wiki/Affaire_Gr%C3%A9gory
Affaire Marion Fraisse	/wiki/Affaire_Marion_Fraisse	https://fr.wikipedia.org/wiki/Affaire_Marion_Fraisse	https://fr.vikidia.org/wiki/Affaire_Marion_Fraisse
Affaire Maëlys	/wiki/Affaire_Ma%C3%ABlys	https://fr.wikipedia.org/wiki/Affaire_Ma%C3%ABlys	https://fr.vikidia.org/wiki/Affaire_Ma%C3%ABlys
Affaire Riggs	/wiki/Affaire_Riggs	https://fr.wikipedia.org/wiki/Affaire_Riggs	https://fr.vikidia.org/wiki/Affaire_Riggs
Affaire Sirven	/wiki/Affaire_Sirven	https://fr.wikipedia.org/wiki/Affaire_Sirven	https://fr.vikidia.org/wiki/Affaire_Sirven
Affaire Stavisky	/wiki/Affaire_Stavisky	https://fr.wikipedia.org/wiki/Affaire_Stavisky	https://fr.vikidia.org/wiki/Affaire_Stavisky
Affaire de la régale	/wiki/Affaire_de_la_r%C3%A9gale	https://fr.wikipedia.org/wiki/Affaire_de_la_r%C3%A9gale	https://fr.vikidia.org/wiki/Affaire_de_la_r%C3%A9gale
Affaire des Poisons	/wiki/Affaire_des_Poisons	https://fr.wikipedia.org/wiki/Affaire_des_Poisons	https://fr.vikidia.org/wiki/Affaire_des_Poisons
Affaire des billets de confession	/wiki/Affaire_des_billets_de_confession	https://fr.wikipedia.org/wiki/Affaire_des_billets_de_confession	https://fr.vikidia.org/wiki/Affaire_des_billets_de_confession
Affaire des galettes	/wiki/Affaire_des_galettes	https://fr.wikipedia.org/wiki/Affaire_des_galettes	https://fr.vikidia.org/wiki/Affaire_des_galettes
Affaire des placards	/wiki/Affaire_des_placards	https://fr.wikipedia.org/wiki/Affaire_des_placards	https://fr.vikidia.org/wiki/Affaire_des_placards
Affaire du chevalier de La Barre	/wiki/Affaire_du_chevalier_de_La_Barre	https://fr.wikipedia.org/wiki/Affaire_du_chevalier_de_La_Barre	https://fr.vikidia.org/wiki/Affaire_du_chevalier_de_La_Barre
Affaire du collier de la reine	/wiki/Affaire_du_collier_de_la_reine	https://fr.wikipedia.org/wiki/Affaire_du_collier_de_la_reine	https://fr.vikidia.org/wiki/Affaire_du_collier_de_la_reine
Affection	/wiki/Affection	https://fr.wikipedia.org/wiki/Affection	https://fr.vikidia.org/wiki/Affection
Affiche	/wiki/Affiche	https://fr.wikipedia.org/wiki/Affiche	https://fr.vikidia.org/wiki/Affiche
Affiche rouge	/wiki/Affiche_rouge	https://fr.wikipedia.org/wiki/Affiche_rouge	https://fr.vikidia.org/wiki/Affiche_rouge
Affiche électorale	/wiki/Affiche_%C3%A9lectorale	https://fr.wikipedia.org/wiki/Affiche_%C3%A9lectorale	https://fr.vikidia.org/wiki/Affiche_%C3%A9lectorale
Affirmation	/wiki/Affirmation	https://fr.wikipedia.org/wiki/Affirmation	https://fr.vikidia.org/wiki/Affirmation
Affluent	/wiki/Affluent	https://fr.wikipedia.org/wiki/Affluent	https://fr.vikidia.org/wiki/Affluent
Affouage	/wiki/Affouage	https://fr.wikipedia.org/wiki/Affouage	https://fr.vikidia.org/wiki/Affouage
Affranchi	/wiki/Affranchi	https://fr.wikipedia.org/wiki/Affranchi	https://fr.vikidia.org/wiki/Affranchi
Affranchissement	/wiki/Affranchissement	https://fr.wikipedia.org/wiki/Affranchissement	https://fr.vikidia.org/wiki/Affranchissement
Afghanistan	/wiki/Afghanistan	https://fr.wikipedia.org/wiki/Afghanistan	https://fr.vikidia.org/wiki/Afghanistan
Africain (pâtisserie)	/wiki/Africain_(p%C3%A2tisserie)	https://fr.wikipedia.org/wiki/Africain_(p%C3%A2tisserie)	https://fr.vikidia.org/wiki/Africain_(p%C3%A2tisserie)
Afrikaans	/wiki/Afrikaans	https://fr.wikipedia.org/wiki/Afrikaans	https://fr.vikidia.org/wiki/Afrikaans
Afrikalan	/wiki/Afrikalan	https://fr.wikipedia.org/wiki/Afrikalan	https://fr.vikidia.org/wiki/Afrikalan
Afrikaners	/wiki/Afrikaners	https://fr.wikipedia.org/wiki/Afrikaners	https://fr.vikidia.org/wiki/Afrikaners
Afrique	/wiki/Afrique	https://fr.wikipedia.org/wiki/Afrique	https://fr.vikidia.org/wiki/Afrique
Afrique-Occidentale française	/wiki/Afrique-Occidentale_fran%C3%A7aise	https://fr.wikipedia.org/wiki/Afrique-Occidentale_fran%C3%A7aise	https://fr.vikidia.org/wiki/Afrique-Occidentale_fran%C3%A7aise
Afrique-Orientale allemande	/wiki/Afrique-Orientale_allemande	https://fr.wikipedia.org/wiki/Afrique-Orientale_allemande	https://fr.vikidia.org/wiki/Afrique-Orientale_allemande
Afrique-Équatoriale française	/wiki/Afrique-%C3%89quatoriale_fran%C3%A7aise	https://fr.wikipedia.org/wiki/Afrique-%C3%89quatoriale_fran%C3%A7aise	https://fr.vikidia.org/wiki/Afrique-%C3%89quatoriale_fran%C3%A7aise
Afrique australe	/wiki/Afrique_australe	https://fr.wikipedia.org/wiki/Afrique_australe	https://fr.vikidia.org/wiki/Afrique_australe
Afrique centrale	/wiki/Afrique_centrale	https://fr.wikipedia.org/wiki/Afrique_centrale	https://fr.vikidia.org/wiki/Afrique_centrale
Afrique de l'Est	/wiki/Afrique_de_l%27Est	https://fr.wikipedia.org/wiki/Afrique_de_l%27Est	https://fr.vikidia.org/wiki/Afrique_de_l%27Est
Afrique de l'Ouest	/wiki/Afrique_de_l%27Ouest	https://fr.wikipedia.org/wiki/Afrique_de_l%27Ouest	https://fr.vikidia.org/wiki/Afrique_de_l%27Ouest
Afrique des Grands Lacs	/wiki/Afrique_des_Grands_Lacs	https://fr.wikipedia.org/wiki/Afrique_des_Grands_Lacs	https://fr.vikidia.org/wiki/Afrique_des_Grands_Lacs
Afrique du Nord	/wiki/Afrique_du_Nord	https://fr.wikipedia.org/wiki/Afrique_du_Nord	https://fr.vikidia.org/wiki/Afrique_du_Nord
Afrique du Nord romaine	/wiki/Afrique_du_Nord_romaine	https://fr.wikipedia.org/wiki/Afrique_du_Nord_romaine	https://fr.vikidia.org/wiki/Afrique_du_Nord_romaine
Afrique du Sud	/wiki/Afrique_du_Sud	https://fr.wikipedia.org/wiki/Afrique_du_Sud	https://fr.vikidia.org/wiki/Afrique_du_Sud
Afrique subsaharienne	/wiki/Afrique_subsaharienne	https://fr.wikipedia.org/wiki/Afrique_subsaharienne	https://fr.vikidia.org/wiki/Afrique_subsaharienne
Afro-Américains	/wiki/Afro-Am%C3%A9ricains	https://fr.wikipedia.org/wiki/Afro-Am%C3%A9ricains	https://fr.vikidia.org/wiki/Afro-Am%C3%A9ricains
Afrobeat	/wiki/Afrobeat	https://fr.wikipedia.org/wiki/Afrobeat	https://fr.vikidia.org/wiki/Afrobeat
Afrocentrisme	/wiki/Afrocentrisme	https://fr.wikipedia.org/wiki/Afrocentrisme	https://fr.vikidia.org/wiki/Afrocentrisme
Afrovenator	/wiki/Afrovenator	https://fr.wikipedia.org/wiki/Afrovenator	https://fr.vikidia.org/wiki/Afrovenator
Agadir	/wiki/Agadir	https://fr.wikipedia.org/wiki/Agadir	https://fr.vikidia.org/wiki/Agadir
Agame	/wiki/Agame	https://fr.wikipedia.org/wiki/Agame	https://fr.vikidia.org/wiki/Agame
Agame barbu	/wiki/Agame_barbu	https://fr.wikipedia.org/wiki/Agame_barbu	https://fr.vikidia.org/wiki/Agame_barbu
Agame des colons	/wiki/Agame_des_colons	https://fr.wikipedia.org/wiki/Agame_des_colons	https://fr.vikidia.org/wiki/Agame_des_colons
Agamemnon	/wiki/Agamemnon	https://fr.wikipedia.org/wiki/Agamemnon	https://fr.vikidia.org/wiki/Agamemnon
Agami trompette	/wiki/Agami_trompette	https://fr.wikipedia.org/wiki/Agami_trompette	https://fr.vikidia.org/wiki/Agami_trompette
Agapanthe	/wiki/Agapanthe	https://fr.wikipedia.org/wiki/Agapanthe	https://fr.vikidia.org/wiki/Agapanthe
Agar	/wiki/Agar	https://fr.wikipedia.org/wiki/Agar	https://fr.vikidia.org/wiki/Agar
Agar.io	/wiki/Agar.io	https://fr.wikipedia.org/wiki/Agar.io	https://fr.vikidia.org/wiki/Agar.io
Agate	/wiki/Agate	https://fr.wikipedia.org/wiki/Agate	https://fr.vikidia.org/wiki/Agate
Agatha Christie	/wiki/Agatha_Christie	https://fr.wikipedia.org/wiki/Agatha_Christie	https://fr.vikidia.org/wiki/Agatha_Christie
Agatha Raisin	/wiki/Agatha_Raisin	https://fr.wikipedia.org/wiki/Agatha_Raisin	https://fr.vikidia.org/wiki/Agatha_Raisin
Agave	/wiki/Agave	https://fr.wikipedia.org/wiki/Agave	https://fr.vikidia.org/wiki/Agave
Agave bleu	/wiki/Agave_bleu	https://fr.wikipedia.org/wiki/Agave_bleu	https://fr.vikidia.org/wiki/Agave_bleu
Agde	/wiki/Agde	https://fr.wikipedia.org/wiki/Agde	https://fr.vikidia.org/wiki/Agde
Age of Empires	/wiki/Age_of_Empires	https://fr.wikipedia.org/wiki/Age_of_Empires	https://fr.vikidia.org/wiki/Age_of_Empires
Age of Empires (série)	/wiki/Age_of_Empires_(s%C3%A9rie)	https://fr.wikipedia.org/wiki/Age_of_Empires_(s%C3%A9rie)	https://fr.vikidia.org/wiki/Age_of_Empires_(s%C3%A9rie)
Age of Empires II: The Age of Kings	/wiki/Age_of_Empires_II:_The_Age_of_Kings	https://fr.wikipedia.org/wiki/Age_of_Empires_II:_The_Age_of_Kings	https://fr.vikidia.org/wiki/Age_of_Empires_II:_The_Age_of_Kings
Age of Mythology	/wiki/Age_of_Mythology	https://fr.wikipedia.org/wiki/Age_of_Mythology	https://fr.vikidia.org/wiki/Age_of_Mythology
Age of Mythology: The Titans	/wiki/Age_of_Mythology:_The_Titans	https://fr.wikipedia.org/wiki/Age_of_Mythology:_The_Titans	https://fr.vikidia.org/wiki/Age_of_Mythology:_The_Titans
Agel	/wiki/Agel	https://fr.wikipedia.org/wiki/Agel	https://fr.vikidia.org/wiki/Agel
Agen	/wiki/Agen	https://fr.wikipedia.org/wiki/Agen	https://fr.vikidia.org/wiki/Agen
Agence d'exploration aérospatiale japonaise	/wiki/Agence_d%27exploration_a%C3%A9rospatiale_japonaise	https://fr.wikipedia.org/wiki/Agence_d%27exploration_a%C3%A9rospatiale_japonaise	https://fr.vikidia.org/wiki/Agence_d%27exploration_a%C3%A9rospatiale_japonaise
Agence nationale pour l'emploi	/wiki/Agence_nationale_pour_l%27emploi	https://fr.wikipedia.org/wiki/Agence_nationale_pour_l%27emploi	https://fr.vikidia.org/wiki/Agence_nationale_pour_l%27emploi
Agence pour l'enseignement français à l'étranger	/wiki/Agence_pour_l%27enseignement_fran%C3%A7ais_%C3%A0_l%27%C3%A9tranger	https://fr.wikipedia.org/wiki/Agence_pour_l%27enseignement_fran%C3%A7ais_%C3%A0_l%27%C3%A9tranger	https://fr.vikidia.org/wiki/Agence_pour_l%27enseignement_fran%C3%A7ais_%C3%A0_l%27%C3%A9tranger
Agence spatiale brésilienne	/wiki/Agence_spatiale_br%C3%A9silienne	https://fr.wikipedia.org/wiki/Agence_spatiale_br%C3%A9silienne	https://fr.vikidia.org/wiki/Agence_spatiale_br%C3%A9silienne
Agence spatiale chinoise	/wiki/Agence_spatiale_chinoise	https://fr.wikipedia.org/wiki/Agence_spatiale_chinoise	https://fr.vikidia.org/wiki/Agence_spatiale_chinoise
Agence spatiale européenne	/wiki/Agence_spatiale_europ%C3%A9enne	https://fr.wikipedia.org/wiki/Agence_spatiale_europ%C3%A9enne	https://fr.vikidia.org/wiki/Agence_spatiale_europ%C3%A9enne
Agence spatiale fédérale russe	/wiki/Agence_spatiale_f%C3%A9d%C3%A9rale_russe	https://fr.wikipedia.org/wiki/Agence_spatiale_f%C3%A9d%C3%A9rale_russe	https://fr.vikidia.org/wiki/Agence_spatiale_f%C3%A9d%C3%A9rale_russe
Agence spatiale suédoise	/wiki/Agence_spatiale_su%C3%A9doise	https://fr.wikipedia.org/wiki/Agence_spatiale_su%C3%A9doise	https://fr.vikidia.org/wiki/Agence_spatiale_su%C3%A9doise
Agence tous risques	/wiki/Agence_tous_risques	https://fr.wikipedia.org/wiki/Agence_tous_risques	https://fr.vikidia.org/wiki/Agence_tous_risques
Agenda	/wiki/Agenda	https://fr.wikipedia.org/wiki/Agenda	https://fr.vikidia.org/wiki/Agenda
Agent K.C.	/wiki/Agent_K.C.	https://fr.wikipedia.org/wiki/Agent_K.C.	https://fr.vikidia.org/wiki/Agent_K.C.
Agent de piste d'aéroport	/wiki/Agent_de_piste_d%27a%C3%A9roport	https://fr.wikipedia.org/wiki/Agent_de_piste_d%27a%C3%A9roport	https://fr.vikidia.org/wiki/Agent_de_piste_d%27a%C3%A9roport
Agent de voirie	/wiki/Agent_de_voirie	https://fr.wikipedia.org/wiki/Agent_de_voirie	https://fr.vikidia.org/wiki/Agent_de_voirie
Agent des services hospitaliers	/wiki/Agent_des_services_hospitaliers	https://fr.wikipedia.org/wiki/Agent_des_services_hospitaliers	https://fr.vikidia.org/wiki/Agent_des_services_hospitaliers
Agent double	/wiki/Agent_double	https://fr.wikipedia.org/wiki/Agent_double	https://fr.vikidia.org/wiki/Agent_double
Agent libre (sport professionnel)	/wiki/Agent_libre_(sport_professionnel)	https://fr.wikipedia.org/wiki/Agent_libre_(sport_professionnel)	https://fr.vikidia.org/wiki/Agent_libre_(sport_professionnel)
Agent national	/wiki/Agent_national	https://fr.wikipedia.org/wiki/Agent_national	https://fr.vikidia.org/wiki/Agent_national
Agent pathogène	/wiki/Agent_pathog%C3%A8ne	https://fr.wikipedia.org/wiki/Agent_pathog%C3%A8ne	https://fr.vikidia.org/wiki/Agent_pathog%C3%A8ne
Agglomération	/wiki/Agglom%C3%A9ration	https://fr.wikipedia.org/wiki/Agglom%C3%A9ration	https://fr.vikidia.org/wiki/Agglom%C3%A9ration
Agglomération parisienne	/wiki/Agglom%C3%A9ration_parisienne	https://fr.wikipedia.org/wiki/Agglom%C3%A9ration_parisienne	https://fr.vikidia.org/wiki/Agglom%C3%A9ration_parisienne
Agglomération urbaine	/wiki/Agglom%C3%A9ration_urbaine	https://fr.wikipedia.org/wiki/Agglom%C3%A9ration_urbaine	https://fr.vikidia.org/wiki/Agglom%C3%A9ration_urbaine
Aggée (livre biblique)	/wiki/Agg%C3%A9e_(livre_biblique)	https://fr.wikipedia.org/wiki/Agg%C3%A9e_(livre_biblique)	https://fr.vikidia.org/wiki/Agg%C3%A9e_(livre_biblique)
Aghlabides	/wiki/Aghlabides	https://fr.wikipedia.org/wiki/Aghlabides	https://fr.vikidia.org/wiki/Aghlabides
Agility	/wiki/Agility	https://fr.wikipedia.org/wiki/Agility	https://fr.vikidia.org/wiki/Agility
Agly	/wiki/Agly	https://fr.wikipedia.org/wiki/Agly	https://fr.vikidia.org/wiki/Agly
Agneau	/wiki/Agneau	https://fr.wikipedia.org/wiki/Agneau	https://fr.vikidia.org/wiki/Agneau
Agnes Macphail	/wiki/Agnes_Macphail	https://fr.wikipedia.org/wiki/Agnes_Macphail	https://fr.vikidia.org/wiki/Agnes_Macphail
Agnetha Fältskog	/wiki/Agnetha_F%C3%A4ltskog	https://fr.wikipedia.org/wiki/Agnetha_F%C3%A4ltskog	https://fr.vikidia.org/wiki/Agnetha_F%C3%A4ltskog
Agnodice	/wiki/Agnodice	https://fr.wikipedia.org/wiki/Agnodice	https://fr.vikidia.org/wiki/Agnodice
Agnosticisme	/wiki/Agnosticisme	https://fr.wikipedia.org/wiki/Agnosticisme	https://fr.vikidia.org/wiki/Agnosticisme
Agnès Desarthe	/wiki/Agn%C3%A8s_Desarthe	https://fr.wikipedia.org/wiki/Agn%C3%A8s_Desarthe	https://fr.vikidia.org/wiki/Agn%C3%A8s_Desarthe
Agnès Laroche	/wiki/Agn%C3%A8s_Laroche	https://fr.wikipedia.org/wiki/Agn%C3%A8s_Laroche	https://fr.vikidia.org/wiki/Agn%C3%A8s_Laroche
Agnès Sorel	/wiki/Agn%C3%A8s_Sorel	https://fr.wikipedia.org/wiki/Agn%C3%A8s_Sorel	https://fr.vikidia.org/wiki/Agn%C3%A8s_Sorel
Agnès Varda	/wiki/Agn%C3%A8s_Varda	https://fr.wikipedia.org/wiki/Agn%C3%A8s_Varda	https://fr.vikidia.org/wiki/Agn%C3%A8s_Varda
Agnès de Méranie	/wiki/Agn%C3%A8s_de_M%C3%A9ranie	https://fr.wikipedia.org/wiki/Agn%C3%A8s_de_M%C3%A9ranie	https://fr.vikidia.org/wiki/Agn%C3%A8s_de_M%C3%A9ranie
Agora	/wiki/Agora	https://fr.wikipedia.org/wiki/Agora	https://fr.vikidia.org/wiki/Agora
Agora d'Athènes	/wiki/Agora_d%27Ath%C3%A8nes	https://fr.wikipedia.org/wiki/Agora_d%27Ath%C3%A8nes	https://fr.vikidia.org/wiki/Agora_d%27Ath%C3%A8nes
Agouti	/wiki/Agouti	https://fr.wikipedia.org/wiki/Agouti	https://fr.vikidia.org/wiki/Agouti
Agouti doré	/wiki/Agouti_dor%C3%A9	https://fr.wikipedia.org/wiki/Agouti_dor%C3%A9	https://fr.vikidia.org/wiki/Agouti_dor%C3%A9
Agra	/wiki/Agra	https://fr.wikipedia.org/wiki/Agra	https://fr.vikidia.org/wiki/Agra
Agravain	/wiki/Agravain	https://fr.wikipedia.org/wiki/Agravain	https://fr.vikidia.org/wiki/Agravain
Agression	/wiki/Agression	https://fr.wikipedia.org/wiki/Agression	https://fr.vikidia.org/wiki/Agression
Agression sexuelle	/wiki/Agression_sexuelle	https://fr.wikipedia.org/wiki/Agression_sexuelle	https://fr.vikidia.org/wiki/Agression_sexuelle
Agriculture	/wiki/Agriculture	https://fr.wikipedia.org/wiki/Agriculture	https://fr.vikidia.org/wiki/Agriculture
Agriculture biologique	/wiki/Agriculture_biologique	https://fr.wikipedia.org/wiki/Agriculture_biologique	https://fr.vikidia.org/wiki/Agriculture_biologique
Agriculture commerciale	/wiki/Agriculture_commerciale	https://fr.wikipedia.org/wiki/Agriculture_commerciale	https://fr.vikidia.org/wiki/Agriculture_commerciale
Agriculture du Moyen Âge	/wiki/Agriculture_du_Moyen_%C3%82ge	https://fr.wikipedia.org/wiki/Agriculture_du_Moyen_%C3%82ge	https://fr.vikidia.org/wiki/Agriculture_du_Moyen_%C3%82ge
Agriculture extensive	/wiki/Agriculture_extensive	https://fr.wikipedia.org/wiki/Agriculture_extensive	https://fr.vikidia.org/wiki/Agriculture_extensive
Agriculture intensive	/wiki/Agriculture_intensive	https://fr.wikipedia.org/wiki/Agriculture_intensive	https://fr.vikidia.org/wiki/Agriculture_intensive
Agriculture urbaine	/wiki/Agriculture_urbaine	https://fr.wikipedia.org/wiki/Agriculture_urbaine	https://fr.vikidia.org/wiki/Agriculture_urbaine
Agriculture vivrière	/wiki/Agriculture_vivri%C3%A8re	https://fr.wikipedia.org/wiki/Agriculture_vivri%C3%A8re	https://fr.vikidia.org/wiki/Agriculture_vivri%C3%A8re
Agrigente	/wiki/Agrigente	https://fr.wikipedia.org/wiki/Agrigente	https://fr.vikidia.org/wiki/Agrigente
Agrion jouvencelle	/wiki/Agrion_jouvencelle	https://fr.wikipedia.org/wiki/Agrion_jouvencelle	https://fr.vikidia.org/wiki/Agrion_jouvencelle
Agrion élégant	/wiki/Agrion_%C3%A9l%C3%A9gant	https://fr.wikipedia.org/wiki/Agrion_%C3%A9l%C3%A9gant	https://fr.vikidia.org/wiki/Agrion_%C3%A9l%C3%A9gant
Agrippa	/wiki/Agrippa	https://fr.wikipedia.org/wiki/Agrippa	https://fr.vikidia.org/wiki/Agrippa
Agrippa Menenius Lanatus	/wiki/Agrippa_Menenius_Lanatus	https://fr.wikipedia.org/wiki/Agrippa_Menenius_Lanatus	https://fr.vikidia.org/wiki/Agrippa_Menenius_Lanatus
Agrippine l'Aînée	/wiki/Agrippine_l%27A%C3%AEn%C3%A9e	https://fr.wikipedia.org/wiki/Agrippine_l%27A%C3%AEn%C3%A9e	https://fr.vikidia.org/wiki/Agrippine_l%27A%C3%AEn%C3%A9e
Agrippine la Jeune	/wiki/Agrippine_la_Jeune	https://fr.wikipedia.org/wiki/Agrippine_la_Jeune	https://fr.vikidia.org/wiki/Agrippine_la_Jeune
Agritourisme	/wiki/Agritourisme	https://fr.wikipedia.org/wiki/Agritourisme	https://fr.vikidia.org/wiki/Agritourisme
Agrocarburant	/wiki/Agrocarburant	https://fr.wikipedia.org/wiki/Agrocarburant	https://fr.vikidia.org/wiki/Agrocarburant
Agrotis	/wiki/Agrotis	https://fr.wikipedia.org/wiki/Agrotis	https://fr.vikidia.org/wiki/Agrotis
Agrume	/wiki/Agrume	https://fr.wikipedia.org/wiki/Agrume	https://fr.vikidia.org/wiki/Agrume
Agryz	/wiki/Agryz	https://fr.wikipedia.org/wiki/Agryz	https://fr.vikidia.org/wiki/Agryz
Agrès (sport)	/wiki/Agr%C3%A8s_(sport)	https://fr.wikipedia.org/wiki/Agr%C3%A8s_(sport)	https://fr.vikidia.org/wiki/Agr%C3%A8s_(sport)
Agrégation	/wiki/Agr%C3%A9gation	https://fr.wikipedia.org/wiki/Agr%C3%A9gation	https://fr.vikidia.org/wiki/Agr%C3%A9gation
Aguidel	/wiki/Aguidel	https://fr.wikipedia.org/wiki/Aguidel	https://fr.vikidia.org/wiki/Aguidel
Ahmadou Kourouma	/wiki/Ahmadou_Kourouma	https://fr.wikipedia.org/wiki/Ahmadou_Kourouma	https://fr.vikidia.org/wiki/Ahmadou_Kourouma
Ahmed Ben Bella	/wiki/Ahmed_Ben_Bella	https://fr.wikipedia.org/wiki/Ahmed_Ben_Bella	https://fr.vikidia.org/wiki/Ahmed_Ben_Bella
Ahmed Chah Massoud	/wiki/Ahmed_Chah_Massoud	https://fr.wikipedia.org/wiki/Ahmed_Chah_Massoud	https://fr.vikidia.org/wiki/Ahmed_Chah_Massoud
Ahmed Kalouaz	/wiki/Ahmed_Kalouaz	https://fr.wikipedia.org/wiki/Ahmed_Kalouaz	https://fr.vikidia.org/wiki/Ahmed_Kalouaz
Ahmed Kaïd	/wiki/Ahmed_Ka%C3%AFd	https://fr.wikipedia.org/wiki/Ahmed_Ka%C3%AFd	https://fr.vikidia.org/wiki/Ahmed_Ka%C3%AFd
Ahmet Davutoğlu	/wiki/Ahmet_Davuto%C4%9Flu	https://fr.wikipedia.org/wiki/Ahmet_Davuto%C4%9Flu	https://fr.vikidia.org/wiki/Ahmet_Davuto%C4%9Flu
Aibo	/wiki/Aibo	https://fr.wikipedia.org/wiki/Aibo	https://fr.vikidia.org/wiki/Aibo
Aide-soignant	/wiki/Aide-soignant	https://fr.wikipedia.org/wiki/Aide-soignant	https://fr.vikidia.org/wiki/Aide-soignant
Aide humanitaire	/wiki/Aide_humanitaire	https://fr.wikipedia.org/wiki/Aide_humanitaire	https://fr.vikidia.org/wiki/Aide_humanitaire
Aides (impôts)	/wiki/Aides_(imp%C3%B4ts)	https://fr.wikipedia.org/wiki/Aides_(imp%C3%B4ts)	https://fr.vikidia.org/wiki/Aides_(imp%C3%B4ts)
Aigle	/wiki/Aigle	https://fr.wikipedia.org/wiki/Aigle	https://fr.vikidia.org/wiki/Aigle
Aigle (Vaud)	/wiki/Aigle_(Vaud)	https://fr.wikipedia.org/wiki/Aigle_(Vaud)	https://fr.vikidia.org/wiki/Aigle_(Vaud)
Aigle botté	/wiki/Aigle_bott%C3%A9	https://fr.wikipedia.org/wiki/Aigle_bott%C3%A9	https://fr.vikidia.org/wiki/Aigle_bott%C3%A9
Aigle de Bonelli	/wiki/Aigle_de_Bonelli	https://fr.wikipedia.org/wiki/Aigle_de_Bonelli	https://fr.vikidia.org/wiki/Aigle_de_Bonelli
Aigle de Verreaux	/wiki/Aigle_de_Verreaux	https://fr.wikipedia.org/wiki/Aigle_de_Verreaux	https://fr.vikidia.org/wiki/Aigle_de_Verreaux
Aigle des singes	/wiki/Aigle_des_singes	https://fr.wikipedia.org/wiki/Aigle_des_singes	https://fr.vikidia.org/wiki/Aigle_des_singes
Aigle des steppes	/wiki/Aigle_des_steppes	https://fr.wikipedia.org/wiki/Aigle_des_steppes	https://fr.vikidia.org/wiki/Aigle_des_steppes
Aigle géant de Haast	/wiki/Aigle_g%C3%A9ant_de_Haast	https://fr.wikipedia.org/wiki/Aigle_g%C3%A9ant_de_Haast	https://fr.vikidia.org/wiki/Aigle_g%C3%A9ant_de_Haast
Aigle noir	/wiki/Aigle_noir	https://fr.wikipedia.org/wiki/Aigle_noir	https://fr.vikidia.org/wiki/Aigle_noir
Aigle ravisseur	/wiki/Aigle_ravisseur	https://fr.wikipedia.org/wiki/Aigle_ravisseur	https://fr.vikidia.org/wiki/Aigle_ravisseur
Aigle royal	/wiki/Aigle_royal	https://fr.wikipedia.org/wiki/Aigle_royal	https://fr.vikidia.org/wiki/Aigle_royal
Aiglefin	/wiki/Aiglefin	https://fr.wikipedia.org/wiki/Aiglefin	https://fr.vikidia.org/wiki/Aiglefin
Aigremoine eupatoire	/wiki/Aigremoine_eupatoire	https://fr.wikipedia.org/wiki/Aigremoine_eupatoire	https://fr.vikidia.org/wiki/Aigremoine_eupatoire
Aigrette	/wiki/Aigrette	https://fr.wikipedia.org/wiki/Aigrette	https://fr.vikidia.org/wiki/Aigrette
Aigrette (homonymie)	/wiki/Aigrette_(homonymie)	https://fr.wikipedia.org/wiki/Aigrette_(homonymie)	https://fr.vikidia.org/wiki/Aigrette_(homonymie)
Aigrette garzette	/wiki/Aigrette_garzette	https://fr.wikipedia.org/wiki/Aigrette_garzette	https://fr.vikidia.org/wiki/Aigrette_garzette
Aigue-marine	/wiki/Aigue-marine	https://fr.wikipedia.org/wiki/Aigue-marine	https://fr.vikidia.org/wiki/Aigue-marine
Aigueperse	/wiki/Aigueperse	https://fr.wikipedia.org/wiki/Aigueperse	https://fr.vikidia.org/wiki/Aigueperse
Aigues-Mortes	/wiki/Aigues-Mortes	https://fr.wikipedia.org/wiki/Aigues-Mortes	https://fr.vikidia.org/wiki/Aigues-Mortes
Aiguillat noir	/wiki/Aiguillat_noir	https://fr.wikipedia.org/wiki/Aiguillat_noir	https://fr.vikidia.org/wiki/Aiguillat_noir
Aiguille	/wiki/Aiguille	https://fr.wikipedia.org/wiki/Aiguille	https://fr.vikidia.org/wiki/Aiguille
Aiguille Noire de Peuterey	/wiki/Aiguille_Noire_de_Peuterey	https://fr.wikipedia.org/wiki/Aiguille_Noire_de_Peuterey	https://fr.vikidia.org/wiki/Aiguille_Noire_de_Peuterey
Aiguille blanche de Peuterey	/wiki/Aiguille_blanche_de_Peuterey	https://fr.wikipedia.org/wiki/Aiguille_blanche_de_Peuterey	https://fr.vikidia.org/wiki/Aiguille_blanche_de_Peuterey
Aiguille crocodile	/wiki/Aiguille_crocodile	https://fr.wikipedia.org/wiki/Aiguille_crocodile	https://fr.vikidia.org/wiki/Aiguille_crocodile
Aiguille du Midi	/wiki/Aiguille_du_Midi	https://fr.wikipedia.org/wiki/Aiguille_du_Midi	https://fr.vikidia.org/wiki/Aiguille_du_Midi
Aigéai	/wiki/Aig%C3%A9ai	https://fr.wikipedia.org/wiki/Aig%C3%A9ai	https://fr.vikidia.org/wiki/Aig%C3%A9ai
Ail	/wiki/Ail	https://fr.wikipedia.org/wiki/Ail	https://fr.vikidia.org/wiki/Ail
Ail des ours	/wiki/Ail_des_ours	https://fr.wikipedia.org/wiki/Ail_des_ours	https://fr.vikidia.org/wiki/Ail_des_ours
Ailante glanduleux	/wiki/Ailante_glanduleux	https://fr.wikipedia.org/wiki/Ailante_glanduleux	https://fr.vikidia.org/wiki/Ailante_glanduleux
Aile	/wiki/Aile	https://fr.wikipedia.org/wiki/Aile	https://fr.vikidia.org/wiki/Aile
Aile (aéronautique)	/wiki/Aile_(a%C3%A9ronautique)	https://fr.wikipedia.org/wiki/Aile_(a%C3%A9ronautique)	https://fr.vikidia.org/wiki/Aile_(a%C3%A9ronautique)
Aile (zoologie)	/wiki/Aile_(zoologie)	https://fr.wikipedia.org/wiki/Aile_(zoologie)	https://fr.vikidia.org/wiki/Aile_(zoologie)
La page de discussion pour les contributions depuis cette adresse IP [n]	/wiki/Sp%C3%A9cial:Mes_discussions	https://fr.wikipedia.org/wiki/Sp%C3%A9cial:Mes_discussions	https://fr.vikidia.org/wiki/Sp%C3%A9cial:Mes_discussions
Une liste des modifications effectuées depuis cette adresse IP [y]	/wiki/Sp%C3%A9cial:Mes_contributions	https://fr.wikipedia.org/wiki/Sp%C3%A9cial:Mes_contributions	https://fr.vikidia.org/wiki/Sp%C3%A9cial:Mes_contributions
Nous vous encourageons à créer un compte utilisateur et vous connecter; ce n’est cependant pas obligatoire	/w/index.php?title=Sp%C3%A9cial:Cr%C3%A9er_un_compte&returnto=Sp%C3%A9cial%3AIndex&returntoquery=from%3DAch%25C3%25A8res%26prefix%3D%26hideredirects%3D1%26namespace%3D0	https://fr.wikipedia.org/w/index.php?title=Sp%C3%A9cial:Cr%C3%A9er_un_compte&returnto=Sp%C3%A9cial%3AIndex&returntoquery=from%3DAch%25C3%25A8res%26prefix%3D%26hideredirects%3D1%26namespace%3D0	https://fr.vikidia.org/w/index.php?title=Sp%C3%A9cial:Cr%C3%A9er_un_compte&returnto=Sp%C3%A9cial%3AIndex&returntoquery=from%3DAch%25C3%25A8res%26prefix%3D%26hideredirects%3D1%26namespace%3D0
Nous vous encourageons à vous connecter ; ce n’est cependant pas obligatoire [o]	/w/index.php?title=Sp%C3%A9cial:Connexion&returnto=Sp%C3%A9cial%3AIndex&returntoquery=from%3DAch%25C3%25A8res%26prefix%3D%26hideredirects%3D1%26namespace%3D0	https://fr.wikipedia.org/w/index.php?title=Sp%C3%A9cial:Connexion&returnto=Sp%C3%A9cial%3AIndex&returntoquery=from%3DAch%25C3%25A8res%26prefix%3D%26hideredirects%3D1%26namespace%3D0	https://fr.vikidia.org/w/index.php?title=Sp%C3%A9cial:Connexion&returnto=Sp%C3%A9cial%3AIndex&returntoquery=from%3DAch%25C3%25A8res%26prefix%3D%26hideredirects%3D1%26namespace%3D0
Ceci est une page spéciale, et elle ne peut pas être modifiée. [s]	/w/index.php?title=Sp%C3%A9cial:Index&from=Ach%C3%A8res&prefix=&hideredirects=1&namespace=0	https://fr.wikipedia.org/w/index.php?title=Sp%C3%A9cial:Index&from=Ach%C3%A8res&prefix=&hideredirects=1&namespace=0	https://fr.vikidia.org/w/index.php?title=Sp%C3%A9cial:Index&from=Ach%C3%A8res&prefix=&hideredirects=1&namespace=0
Visiter la page d’accueil	/wiki/Vikidia:Accueil	https://fr.wikipedia.org/wiki/Vikidia:Accueil	https://fr.vikidia.org/wiki/Vikidia:Accueil
À propos du projet, ce que vous pouvez faire, où trouver les informations [p]	/wiki/Vikidia:Communaut%C3%A9	https://fr.wikipedia.org/wiki/Vikidia:Communaut%C3%A9	https://fr.vikidia.org/wiki/Vikidia:Communaut%C3%A9
Liste de toutes les pages spéciales [q]	/wiki/Sp%C3%A9cial:Pages_sp%C3%A9ciales	https://fr.wikipedia.org/wiki/Sp%C3%A9cial:Pages_sp%C3%A9ciales	https://fr.vikidia.org/wiki/Sp%C3%A9cial:Pages_sp%C3%A9ciales
Version imprimable de cette page [p]	/w/index.php?title=Sp%C3%A9cial:Index&from=Ach%C3%A8res&prefix=&hideredirects=1&namespace=0&printable=yes	https://fr.wikipedia.org/w/index.php?title=Sp%C3%A9cial:Index&from=Ach%C3%A8res&prefix=&hideredirects=1&namespace=0&printable=yes	https://fr.vikidia.org/w/index.php?title=Sp%C3%A9cial:Index&from=Ach%C3%A8res&prefix=&hideredirects=1&namespace=0&printable=yes
